facility_id,data_sources,original_ids,last_updated,facility_name,operator_name,address,phone,prefecture,process_tags,daily_capacity,accepted_materials,is_registered,is_certified,is_methane,registration_no,expiration_date,url,description,image_url,latitude,longitude
889f8a31-79f7-4412-959e-bfd2c79cb968,['certified'],{'certified': '10'},2026-01-06T23:31:48.756189,有限会社ブライトピック千葉 / 溝原工場 / 株式会社エコ・フード,株式会社エコ・フード / 有限会社ブライトピック千葉 / 有限会社ブライトピック,＜有限会社ブライトピック千 葉＞ 千葉県旭市溝原妙見壷 1009、1020-1、1023-1、 溝原字蕨谷1010-2、1039-2 ＜株式会社エコ・フード＞ 千葉県匝瑳市川辺字宮敷 207-1、207-2、208-1、208-2,,,['飼料化'],,,False,True,False,9.0,,,食品関連事業者: イオンリテール株式会社 / 収集先: 千葉県 ：千葉市、銚子 / 市、旭市、習志野市、柏 / 市、八千代市、鎌ケ谷市 / 食品関連事業者: 株式会社ファミリーマート / トオカツフーズ株式会社 / 戸田フーズ株式会社 / 山崎製パン株式会社 / 収集先: 東京都 ：千代田区、中 / 央区、港区、新宿区、文 / 京区、台東区、墨田区、 / 江東区、品川区、目黒 / 区、大田区、世田谷区、 / 渋谷区、中野区、杉並 / 区、豊島区、北区、荒川 / 区、板橋区、練馬区、足 / 立区、葛飾区、江戸川 / 区、八王子市、昭島市、 / 日野市、多摩市 / 神奈川県 ：横浜市、横 / 須賀市 / 栃木県 ：足利市 / 埼玉県 ：戸田市,,35.77493,140.635624
a3165b91-802e-49dd-a000-ac1322d239c3,['certified'],{'certified': '35'},2026-01-06T23:31:48.765901,＜肥料化＞ / ハリマ産業エコテック株式会 / 社 本社工場 / ＜飼料化＞ / ハリマ産業エコテック株式会 / 社第二工場,ハリマ産業エコテック株式会社,＜肥料化＞ 兵庫県姫路市網干区浜田 1223番地の10 ＜飼料化＞ 兵庫県姫路市網干区浜田 1223番地の22,,,"['肥料化', '飼料化']",,,False,True,False,35.0,,,食品関連事業者: スターバックスコーヒージャパン / 株式会社 / 株式会社鵜鷹商店 / 株式会社姫路農産流通センター / 株式会社喜久屋産業 / 収集先: 滋賀県 ：大津市、彦根 / 市、長浜市、近江八幡 / 市、草津市、甲賀市、東 / 近江市、竜王町、多賀町 / 京都府 ：京都市、宇治 / 市、京田辺市、木津川 / 市、久御山町 / 大阪府 ：大阪市、堺市、 / 豊中市、池田市、吹田 / 市、高槻市、守口市、枚 / 方市、茨木市、八尾市、 / 泉佐野市、寝屋川市、大 / 東市、和泉市、箕面市、 / 東大阪市、泉南市、四条 / 畷市 / 兵庫県 ：神戸市、姫路 / 市、尼崎市、明石市、西 / 宮市、伊丹市、加古川 / 市、宝塚市、三木市、川 / 西市、加西市、淡路市 / 奈良県 ：奈良市、大和 / 高田市、大和郡山市、橿 / 原市、生駒市、河合町 / 和歌山県：和歌山市、岩 / 出市,,34.7684376,134.5731081
d1d0461f-b59d-4956-8582-2feb3037bc4d,['registered'],{'registered': '2'},2026-01-06T23:31:48.769071,三重中央開発株式会社 本社工場,三重中央開発株式会社,三重県伊賀市予野字鉢屋4713-1、10611-1、10611-2、10613-1、10614-1、10616-1、10616-3、10617-1、10618-1、10621-1、10624-1、10625、10626-1,0595-20-1119,,['肥料化事業'],,"一般廃棄物, 産業廃棄物",True,False,False,2.0,R11.4.26,,,,34.7110291,136.099257
bbfa67e5-e70a-4bcd-844f-d176711e8ba7,['registered'],{'registered': '7'},2026-01-06T23:31:48.772453,株式会社エム・シー・エス（肥料工場）,株式会社エム・シー・エス,三重県伊賀市島ヶ原8801番地の8,0595-66-0082,,['肥料化事業'],,"一般廃棄物, 産業廃棄物, 有価物",True,False,False,7.0,R10.3.27,,,,34.7415831,136.0597678
4fb38e36-de43-41a3-bc59-b3c37323f515,['registered'],{'registered': '10'},2026-01-06T23:31:48.775956,株式会社大栄工業 三谷バイオガス発電所,株式会社大栄工業,三重県伊賀市真泥字東山5024-1、5024-2、5024-3,0595-21-0988,,['メタン化事業'],,"一般廃棄物, 産業廃棄物",True,False,False,10.0,R7.8.10,,,,34.7641288,136.1924151
932502ff-215a-4ed2-a20f-e49801dd3aea,"['registered', 'certified']","{'registered': '4', 'certified': '47'}",2026-01-06T23:31:48.780749,株式会社大栄工業 三谷工場,株式会社大栄工業,三重県伊賀市真泥字東山5024-2、5024-3、5024-4、5024-5,0595-21-0988,,"['肥料化', '肥料化事業']",,"一般廃棄物, 産業廃棄物",True,True,False,4.0,R7.11.27,,食品関連事業者: 株式会社ホテルプリンセス京都 / 収集先: 京都府：京都市 / 食品関連事業者: 株式会社ロイヤルホテル / 収集先: 大阪府：大阪市,,34.7641288,136.1924151
5f648ea7-f3db-48ac-a2c3-da768afc0d2c,['certified'],{'certified': '30'},2026-01-06T23:31:48.784372,株式会社大栄工業三谷工場,株式会社大栄工業,三重県伊賀市真泥字東山 5024-5,,,['肥料化'],,,False,True,False,30.0,,,食品関連事業者: 日本ハム食品株式会社 / 収集先: 三重県：木曽岬町,,34.7641288,136.1924151
aa04664c-b2ba-4e3a-b882-9b72e77025f3,['syokuri'],{'syokuri': '448'},2026-01-06T23:31:48.787511,株式会社イガ再資源,株式会社イガ再資源,三重県伊賀市西之澤1384番地の6,0595-45-8223,三重県,['飼料化'],,食品リサイクラー,False,False,False,,,https://iga-saisigen.com/,食品廃棄物は、工場で「選別」「混合」「発酵」の過程を経て、リキッドフィーディング（液状飼料）へとリサイクルし、グループ企業の養豚場「㈱トントンファーム」で使用されます。乳酸菌たっぷりの液状飼料を食べて育った豚は腸が丈夫になり抗生物質などの薬を必要としません。,https://syokuri.jp/top/wp-content/themes/zsr-1/img/logo-header.png,34.7872398,136.1946261
932cf610-8e94-47f9-a0c6-64c4464fc675,['registered'],{'registered': '6'},2026-01-06T23:31:48.791025,株式会社イガ再資源 西之澤工場,株式会社イガ再資源,三重県伊賀市西之澤字薄木谷1486-6,0595-45-8223,,['飼料化事業'],,"一般廃棄物, 産業廃棄物",True,False,False,6.0,R10.3.24,,,,34.7933081,136.1876334
fe372c0c-92ad-4d96-835f-ff7b72b95e9b,['registered'],{'registered': '8'},2026-01-06T23:31:48.794706,多度バイオマスセンター,株式会社東海環境サービス,三重県桑名市多度町猪飼字室ヶ谷1975番19、1975番20、1975番21,0594-22-6349,,['肥料化事業'],,"一般廃棄物, 有価物",True,False,False,8.0,R10.4.23,,,,35.1192246,136.6186549
893743fc-021e-47f5-bfd4-b95b4392e861,['registered'],{'registered': '9'},2026-01-06T23:31:48.798370,株式会社みえエコくるセンター 本社工場,株式会社みえエコくるセンター,三重県津市安濃町安濃2075番地1,059-267-0555,,['肥料化事業'],,"一般廃棄物, 産業廃棄物, 有価物",True,False,False,9.0,R11.3.22,,,,34.780206,136.4593441
7cd8a93c-6ad1-44b8-aa84-34203f3744d2,"['registered', 'certified']","{'registered': '1', 'certified': '29'}",2026-01-06T23:31:48.802126,有限会社三功 第１リサイクル工場,有限会社三功,三重県津市戸木町4857番24、4992番2、5010番1,059-255-5177,,"['肥料化', '肥料化事業']",,"一般廃棄物, 産業廃棄物, 有価物",True,True,False,1.0,R10.9.28,,食品関連事業者: ユニー株式会社 / 収集先: 三重県 ：鈴鹿市、松阪 / 市、四日市市、伊勢市,,34.6826144,136.4447211
b0d37f85-8581-4356-b8f5-98027c181e35,['syokuri'],{'syokuri': '447'},2026-01-06T23:31:48.805764,有限会社三功,有限会社三功,三重県津市戸木町5012,059-255-5177,三重県,['肥料化'],,食品リサイクラー,False,False,False,,,http://www.sankoh35.co.jp/,良質な堆肥づくりをモットーに、微生物の働きを最大にする醗酵ドラムを使い、約3ケ月かけて完熟堆肥を製造。近隣の農家と共に食品リサイクル・ループを構築しています。堆肥「有機みえ」は三重県認定のリサイクル製品です。FR認証も受けています。,https://syokuri.jp/top/wp-content/themes/zsr-1/img/logo-header.png,34.681268,136.4451525
67ba71dd-a248-4239-a882-2a1663db909d,['certified'],{'certified': '32'},2026-01-06T23:31:48.809960,株式会社辻建設 リサイクル / 工場,株式会社辻建設,京都府京丹後市久美浜町小 桑小字大藪２５３番地 京都府京丹後市久美浜町佐 野小字御堂谷2086－1番 地、同2086番地、同2085-1 番地,,,['肥料化'],,,False,True,False,32.0,,,食品関連事業者: 有限会社ジョイクックおくだ / 森下 友春（レストラン ペイクッ / ク） / 収集先: 京都府 ：京丹後市,,35.5737992,134.9906076
5bdacdce-7d8d-48c3-8a29-5720c5e98eae,['methane'],{'methane': '29'},2026-01-06T23:31:48.813457,カンポリサイクルプラザ(株)バイオリサイクル施設,カンポリサイクルプラザ(株),京都府南丹市園部町高屋西谷1番地,,京都府,['乾式高温'],50.0,"家庭系生ごみ, 事業系生ごみ",False,False,True,,,,事業方式: 民設民営方式,,35.1153676,135.4999767
b7693556-c61d-4025-b4dd-525b25ae958f,['registered'],{'registered': '4'},2026-01-06T23:31:48.816624,株式会社レボインターナショナル 京都工場,株式会社レボインターナショナル,京都府綴喜郡宇治田原町大字立川小字金井谷1番52,075-604-0518,,"['油脂製品化', '事業']",,有価物,True,False,False,4.0,R7.8.3,,,,34.850004,135.8900765
8aa1ea2f-d129-4625-b10c-90e7bf34b623,['certified'],{'certified': '31'},2026-01-06T23:31:48.819888,京都有機質資源株式会社,京都有機質資源株式会社,京都府長岡京市神足落述１,,,['飼料化'],,,False,True,False,31.0,,,食品関連事業者: ユニー株式会社 / 収集先: 奈良県 ：大和郡山市,,34.9226699,135.7147389
8e159140-8d7c-427e-8a00-bf7d7e79d567,"['registered', 'certified']","{'registered': '1', 'certified': '49'}",2026-01-06T23:31:48.823327,京都有機質資源株式会社 長岡京工場,京都有機質資源株式会社,京都府長岡京市神足落述１番地,075-953-6100,,"['飼料化事業', '飼料化']",,"一般廃棄物, 産業廃棄物",True,True,False,1.0,R10.9.2,,食品関連事業者: ワタミ株式会社 / 収集先: 京都府：京都市,,34.9226699,135.7147389
398d0a7b-195a-4f9d-8d07-73e41aa439da,['certified'],{'certified': '55'},2026-01-06T23:31:48.828904,株式会社トワード リサイクル / プラント 堆肥化施設,株式会社トワード,佐賀県神埼郡吉野ヶ里町三 津1636番1、1637番1、1637 番7、1638番1、1638番4及び 1632番2、1637番6地先,,,['肥料化'],,,False,True,False,55.0,,,食品関連事業者: ロイヤル株式会社 / 収集先: 福岡県：福岡市,,33.3530291,130.3862163
f287b46d-3d96-4b8a-824a-1c13b5ba0c12,['syokuri'],{'syokuri': '596'},2026-01-06T23:31:48.835730,株式会社大島産業,株式会社大島産業,佐賀県神崎郡吉野ケ里町吉田2469-1,0952-53-4400,佐賀県,"['肥料化', '飼料化']",,食品リサイクラー,False,False,False,,,http://oshima-industry.co.jp/,大島産業グループでは、飼料化・堆肥化・サーマルリサイクルと段階別に食品リサイクルを行っております。 特徴としましては併設する焼却施設の排熱を利用して食品残さを乾燥させ、飼料製造を行っているという点です。 飼料化に向かないものは乾燥後大分工場にて堆肥化し、再生利用できないものは焼却後熱回収を行っております。 このように自社内で完結させることにより、不法投棄のリスクを避けることが可能です。,https://syokuri.jp/top/wp-content/themes/zsr-1/img/logo-header.png,33.3377564,130.4078423
f64b4b5c-38f4-4a1f-b0fd-de102a217cfa,['certified'],{'certified': '38'},2026-01-06T23:31:48.843689,有限会社鳥栖環境開発綜合 / センター 堆肥化施設,有限会社鳥栖環境開発綜合セ / ンター,佐賀県鳥栖市轟木町912- 1、912-7、926、927-1、927- 4、929-2、929-3、930-3,,,['肥料化'],,,False,True,False,38.0,,,食品関連事業者: ロイヤルホスト株式会社 / ロイヤル株式会社 / ロイヤル空港高速フードサービス / 株式会社 / ロイヤルインフライトケイタリング / 株式会社 / 収集先: 福岡県 ：福岡市、古賀 / 市 / 佐賀県 ：武雄市 / 熊本県 ：熊本市,,33.3623632,130.497669
96454e16-7f81-4812-83ed-af6266b412f4,"['methane', 'syokuri']","{'methane': '38', 'syokuri': '460'}",2026-01-06T23:31:48.850371,メタン発酵施設,（有）鳥栖環境開発綜合センター,佐賀県鳥栖市轟木町929-2,0942-83-4069,佐賀県,"['油脂化', '肥料化', '湿式中温', 'メタン化']",9.0,事業系生ごみ / 食品リサイクラー,False,False,True,,,https://www.tosukan.co.jp/,事業方式: 民設民営方式 / 生ごみ・食品廃棄物の脱焼却をめざし、契約事業所を中心としたお客様に分別回収の協力をお願いしております。また、回収した生ごみから新たな電気や熱エネルギーを回収するなど、リサイクルを推進しております。,https://syokuri.jp/top/wp-content/themes/zsr-1/img/logo-header.png,33.3640093,130.496776
aff9c858-cc57-4268-8545-998598c94ae6,['registered'],{'registered': '3'},2026-01-06T23:31:48.858315,有限会社鳥栖環境開発綜合センター 本社工場,有限会社鳥栖環境開発綜合センター,佐賀県鳥栖市轟木町929-2､930-3､929-3､926-1､912-1､912-7､927-1、927-4,0942-83-4069,,"['油脂製品化', '事業', 'メタン化事業', '肥料化事業']",,"一般廃棄物, 産業廃棄物",True,False,False,3.0,R10.6.10,,,,33.3640093,130.496776
7a7f4f5a-e9f6-4e69-a095-0c9dd74cb28a,['certified'],{'certified': '60'},2026-01-06T23:31:48.865950,有限会社鳥栖環境開発綜合 / センター 堆肥化施設,有限会社鳥栖環境開発綜合セ / ンター,佐賀県鳥栖市轟木町一本杉 926-1、927-,,,['肥料化'],,,False,True,False,60.0,,,食品関連事業者: 株式会社サッポロライオン / 収集先: 福岡県 ：福岡市,,33.3634497,130.4999942
3137ef49-90b8-420b-bcc4-b796ba321096,['certified'],{'certified': '37'},2026-01-06T23:31:48.872574,大栄環境株式会社 三木リサ / イクルセンター,大栄環境株式会社,兵庫県三木市口吉川町里協 字八幡谷601番10他8筆,,,['肥料化'],,,False,True,False,37.0,,,食品関連事業者: 株式会社フジ / イオンリテール株式会社 / イオンリテールストア株式会社 / 株式会社ダイエー / イオンフードサプライ株式会社 / 関東屋またの食品株式会社 / ブンセン株式会社 / 株式会社清浄野菜普及研究所 / 収集先: 大阪府 ：大阪市、豊中 / 市、池田市、吹田市、八 / 尾市、箕面市、門真市、 / 東大阪市、大阪狭山市 / 兵庫県 ：神戸市、姫路 / 市、明石市、西宮市、伊 / 丹市、加古川市、赤穂 / 市、三木市、小野市、三 / 田市、加西市、宍粟市、 / 加東市、たつの市、猪名 / 川町、播磨町,,34.8565768,135.0606557
a555af27-70c9-4f67-b0f7-3c4df455929b,['certified'],{'certified': '36'},2026-01-06T23:31:48.879391,生活協同組合コープこうべ / コープ土づくりセンター,大栄環境株式会社,兵庫県三木市細川町瑞穂 2327,,,['肥料化'],,,False,True,False,36.0,,,食品関連事業者: 生活協同組合コープこうべ / 収集先: 兵庫県 ：三木市、神戸 / 市、芦屋市、明石市、西 / 宮市、宝塚市、尼崎市、 / 伊丹 / 市、加古川市、高砂市 / 大阪府（島本町、豊中 / 市、箕面市、茨木市、豊 / 能町、吹田市）,,34.8439475,135.0939888
57639662-0989-410d-9303-88ad791501dc,['syokuri'],{'syokuri': '450'},2026-01-06T23:31:48.886684,ハリマ産業エコテック株式会社,ハリマ産業エコテック株式会社,兵庫県姫路市網千区浜田1223-10,079-273-8152,兵庫県,"['肥料化', '飼料化']",,食品リサイクラー,False,False,False,,,https://www.f-unit.jp/harima,剪定枝、樹皮、食品工場等から発生する資源のリサイクルに取り組んでいます。さらに農林水産業への具体的な取り組みとして、ブルーベリー農園の運営と製品の出荷、並びに牡蠣の養殖と牡蠣殻の肥飼料への有効利用を行っています。,https://syokuri.jp/top/wp-content/themes/zsr-1/img/logo-header.png,34.8154176,134.6855509
fed29374-7a9b-4d3b-a02f-a1b2f58d1d39,['registered'],{'registered': '1'},2026-01-06T23:31:48.895275,ハリマ産業エコテック株式会社 本社工場、第二工場,ハリマ産業エコテック株式会社,兵庫県姫路市網干区浜田1223番地の10、1223番地の17、1223番地の28、1223番地の29、1554番地の5、1554番地の13、1555番地の8、1555番地の23、1223番地の22、1554番地の9,079-273-8152,,['肥料化事業'],,"産業廃棄物, 有価物",True,False,False,1.0,R8.1.18,,,,34.7690683,134.574138
eba9b85c-e23d-4898-9cd2-6e6c77970d80,['registered'],{'registered': '5'},2026-01-06T23:31:48.902879,西播商事株式会社 産業廃棄物焼却センター,西播商事株式会社,兵庫県姫路市飾磨区中島字宝来3067-18、3067-19,079-233-9898,,['炭化事業'],,"一般廃棄物, 産業廃棄物",True,False,False,5.0,R9.5.10,,,,34.7827937,134.6747948
fc1f07f4-cbb4-4cf5-887b-cd9081613585,['registered'],{'registered': '4'},2026-01-06T23:31:48.910298,近畿ケミカル株式会社 本社工場,近畿ケミカル株式会社,兵庫県尼崎市東海岸町1番地の4,06-6409-0025,,['油脂化事業'],,"産業廃棄物, 有価物",True,False,False,4.0,R12.1.14,,,,34.6983539,135.405015
f8d06408-e595-4650-9507-5b3bf82517ea,['methane'],{'methane': '32'},2026-01-06T23:31:48.917958,南但ごみ処理施設（南但クリーンセンター）,南但広域行政事務組合（養父市、朝来市）,兵庫県朝来市和田山町高田817-1,,兵庫県,['乾式高温'],36.0,"家庭系生ごみ, 事業系生ごみ",False,False,True,,,,事業方式: 公設公営方式,,35.3667684,134.8240628
e27996ef-4cee-4f77-83a2-a30c61bf4301,['certified'],{'certified': '34'},2026-01-06T23:31:48.925164,マツダ株式会社 神戸工場,マツダ株式会社,兵庫県神戸市東灘区住吉浜 町17番地の8,,,['肥料化'],,,False,True,False,34.0,,,食品関連事業者: 株式会社関西スーパーマーケット / 収集先: 兵庫県 ：神戸市,,34.7054268,135.2609307
d53302e0-5794-469c-8825-b7f4be8b40ad,['methane'],{'methane': '31'},2026-01-06T23:31:48.931729,食品廃棄物処理施設,生活共同組合コープこうべ,兵庫県神戸市東灘区向洋町西2-1,,兵庫県,['湿式中温'],3.9,事業系生ごみ,False,False,True,,,,事業方式: 民設民営方式,,34.69281,135.2557106
4c26dd45-159c-4d1c-aa07-5805e81ccb05,['syokuri'],{'syokuri': '964'},2026-01-06T23:31:48.937868,株式会社リヴァックス,株式会社リヴァックス,兵庫県西宮市鳴尾浜2丁目1-16,0798-47-7626,兵庫県,[],,収集運搬業他 / その他,False,False,False,,,https://www.revacs.com/,様々な食品廃棄物のリサイクル化に取り組んでいます。飲料や高含水食品の乾燥処理をはじめ、包装済み食品の破砕分別など、肥料化や炭化リサイクルのための前処理の役割を担っています。専用の積替保管倉庫ではカテゴリごとの仕分けや保管も対応可能。2022年冬には自社バイオガス発電施設でのリサイクルもスタートし、食品の内容に応じた最適なリサイクルを選択できるフローを構築しています。,https://syokuri.jp/top/wp-content/themes/zsr-1/img/logo-header.png,34.6910335,135.3654393
f6df500b-e8b3-42ec-be90-ac6db43664ac,['methane'],{'methane': '5'},2026-01-06T23:31:48.944664,北広島下水処理センター,北広島市,北海道北広島市富ヶ岡916-2,,北海道,['湿式中温'],17.0,"家庭系生ごみ, 事業系生ごみ",False,False,True,,,,事業方式: 公設公営方式（国土交通省・環境省連携補助事業）,,42.9762827,141.5925882
300ad13f-a813-49d9-a374-3e3d0d5f757a,['registered'],{'registered': '4'},2026-01-06T23:31:48.950940,リサイクルファクトリー株式会社 千歳事業所,リサイクルファクトリー株式会社,北海道千歳市中央292番1・同292番2・同298番1に跨がる,011-219-6667,,['肥料化事業'],,"一般廃棄物, 産業廃棄物",True,False,False,4.0,R10.5.25,,,,42.8577833,141.7144565
1a3d5b1e-cfc6-45da-9fa4-0c38191815a1,"['registered', 'syokuri']","{'registered': '13', 'syokuri': '465'}",2026-01-06T23:31:48.957669,株式会社エコフィールド本社工場,株式会社エコフィールド,北海道千歳市泉沢1007番地33,0123-28-2977,北海道,"['飼料化事業', '飼料化']",,有価物 / 食品リサイクラー,True,False,False,13.0,R11.12.24,,当社は、食品関連事業者より今まで廃棄物として廃棄されていた食品残さを回収し、これらを飼料原料として再生する食品リサイクル企業です。 従来の廃棄物の中から再生利用可能な物を再生原料として有効利用し、食品リサイクル循環型社会の構築を目指しております。,https://syokuri.jp/top/wp-content/themes/zsr-1/img/logo-header.png,42.7940079,141.6134495
5b947584-22d4-4887-89e0-1e2aae3d65f1,['certified'],{'certified': '1'},2026-01-06T23:31:48.964527,株式会社エコフィールド本社 / 工場,株式会社エコフィールド,北海道千歳市泉沢1007番地,,,['飼料化'],,,False,True,False,1.0,,,食品関連事業者: 山崎製パン株式会社 / 収集先: 北海道 ：恵庭市,,42.8003031,141.6150048
f2d96c8a-0ca5-4acb-9f30-472382c3d712,['registered'],{'registered': '14'},2026-01-06T23:31:48.970409,千歳美々廃棄物処理センター,株式会社HMエスパス,北海道千歳市美々1292番地659,0123-42-0530,,['肥料化事業'],,"一般廃棄物, 産業廃棄物",True,False,False,14.0,R12.11.5,,,,42.7756437,141.7077267
38afa968-3845-4aec-8642-f3d4a5037ce0,['methane'],{'methane': '3'},2026-01-06T23:31:48.976521,西天北クリーンセンター,西天北五町衛生施設組合（天塩町・豊富町・遠別町・中川町・幌延町）,北海道天塩郡幌延町字幌延884,,北海道,['湿式高温'],5.0,"家庭系生ごみ, 事業系生ごみ",False,False,True,,,,事業方式: 公設公営方式,,45.0024503,141.8158823
cf9f9abc-b38a-475e-b128-985bfda03733,['methane'],{'methane': '7'},2026-01-06T23:31:48.982908,恵庭市生ごみ・し尿処理場,恵庭市,北海道恵庭市中島松460番地1,,北海道,['湿式中温'],18.0,"家庭系生ごみ, 事業系生ごみ",False,False,True,,,,事業方式: 公設公営方式,,42.9336587,141.6133651
5a5509e3-d985-4737-9541-221a41c52d20,['registered'],{'registered': '6'},2026-01-06T23:31:48.988710,北海道衛生工業株式会社 恵庭工場,北海道衛生工業株式会社,北海道恵庭市北柏木町3丁目194番地2,011-783-1432,,['肥料化事業'],,産業廃棄物,True,False,False,6.0,R8.2.9,,,,42.8932331,141.5506057
8a65fcb7-0786-419a-aff1-27b44db89385,['syokuri'],{'syokuri': '436'},2026-01-06T23:31:48.994741,リサイクルファクトリー株式会社,リサイクルファクトリー株式会社,北海道札幌市中央区南4条東5丁目1番地9,011-271-6755,北海道,['肥料化'],,食品リサイクラー,False,False,False,,,http://r-fact.com/,当社は、「万物を大地に返す」という理念のもと、40余町の用地で産廃・一廃の動植物性残渣、有機汚泥の飼肥料化を行っています。 又、好気性超高温発酵菌「ちとせマグマ」を（独）産総研と共同特許取得しました。,https://syokuri.jp/top/wp-content/themes/zsr-1/img/logo-header.png,43.05748819999999,141.3640937
a5de4773-e060-406f-9e3b-2c4a1056021a,['methane'],{'methane': '8'},2026-01-06T23:31:49.001582,札幌飼料化センター発電所,三造有機リサイクル株式会社,北海道札幌市東区中沼町45-53,,北海道,['湿式中温'],50.0,事業系生ごみ,False,False,True,,,,事業方式: 民設民営方式,,43.1402489,141.4474624
da501926-7584-4cee-b711-25110d7e514d,['methane'],{'methane': '1'},2026-01-06T23:31:49.007429,生ごみバイオガス化施設,北空知衛生センター組合（ごみ：深川市、妹背牛町、秩父別町、北竜町、沼田町）,北海道深川市一已町字一已1863番地,,北海道,['湿式高温'],16.0,"家庭系生ごみ, 事業系生ごみ",False,False,True,,,,事業方式: 公設公営方式,,43.75027559999999,142.043147
9fcbab95-50f1-46a2-89e9-a44acdfc340a,['methane'],{'methane': '4'},2026-01-06T23:31:49.013313,中空知衛生施設組合リサイクリーン,中空知衛生施設組合（滝川市、芦別市、赤平市、新十津川町、雨竜町）,北海道滝川市東滝川760番地1,,北海道,['湿式中温'],55.0,"家庭系生ごみ, 事業系生ごみ",False,False,True,,,,事業方式: 公設公営方式,,43.5813114,141.9733945
f9540578-4e6d-45d8-a65f-522f45231287,['methane'],{'methane': '2'},2026-01-06T23:31:49.019388,クリーンプラザ「くるくる」,砂川地区保健衛生組合（砂川市、歌志内市、上砂川町、奈井江町、浦臼町）,北海道砂川市西8条北22丁目127番地6,,北海道,['湿式高温'],22.0,"家庭系生ごみ, 事業系生ごみ",False,False,True,,,,事業方式: 公設公営方式,,43.5264642,141.904639
247ea8fc-8cdc-4dfb-967d-59cd7042ffaa,['methane'],{'methane': '6'},2026-01-06T23:31:49.025358,稚内市バイオエネルギーセンター,稚内市,北海道稚内市新光町1789 番地,,北海道,['湿式中温'],,"家庭系生ごみ, 事業系生ごみ",False,False,True,,,,事業方式: PFI事業（BTO方式）,,45.3715866,141.7116544
e34b1f55-a4f8-48fd-b06d-5c2d615204af,['certified'],{'certified': '2'},2026-01-06T23:31:49.031798,株式会社トマウェーブ エポ / ジェネ苫小牧,株式会社トマウェーブ,北海道苫小牧市字勇払285 番地1、2,,,['肥料化'],,,False,True,False,2.0,,,食品関連事業者: ライラック・フーズ株式会社 / 収集先: 北海道 ：白老町,,42.6306944,141.6932701
76f39719-94d2-428c-b21e-dbe07a678e9a,['syokuri'],{'syokuri': '464'},2026-01-06T23:31:49.037894,株式会社バイオマスソリューションズ,株式会社バイオマスソリューションズ,北海道野付郡別海町別海宮舞町247番地,0153-75-1900,北海道,['肥料化'],,食品リサイクラー,False,False,False,,,http://biosol.jp/,,https://syokuri.jp/top/wp-content/themes/zsr-1/img/logo-header.png,43.4006653,145.1223148
e69911a5-5150-4382-8dd1-bb0b6e857237,['registered'],{'registered': '3'},2026-01-06T23:31:49.045199,釧路ハイミール工場,株式会社釧路ハイミール,北海道釧路市大楽毛8番地10,0154-57-8822,,"['飼料化事業', '油脂化事業', '肥料化事業']",,有価物,True,False,False,3.0,R7.11.27,,,,43.0062095,144.2641087
1f210df7-867d-4599-ada4-163b8029910c,['registered'],{'registered': '10'},2026-01-06T23:31:49.051396,株式会社釧路厚生社S&K環境ワクチンセンター釧路事業所,株式会社釧路厚生社,北海道釧路市新野４１番１１,0154-40-2983,,['肥料化事業'],,"一般廃棄物, 産業廃棄物",True,False,False,10.0,R12.7.22,,,,43.0023113,144.2355163
2ead6903-22ba-49b3-ba24-c368deba01ac,['registered'],{'registered': '7'},2026-01-06T23:31:49.057931,株式会社エコ・フード 本社工場,株式会社エコ・フード,千葉県匝瑳市川辺字宮敷207番1、207番2、208番1、208番2,0479-67-1025,,['飼料化事業'],,"一般廃棄物, 産業廃棄物, 有価物",True,False,False,7.0,R7.11.27,,,,35.6626929,140.5523828
1c53b3b7-5fb2-4aff-99fa-8ef2c57685e6,['registered'],{'registered': '13'},2026-01-06T23:31:49.064967,Ｊ＆T環境株式会社 千葉バイオガスセンター,Ｊ＆T環境株式会社,千葉県千葉市中央区川崎町10番3,045-505-7949,,['メタン化事業'],,"一般廃棄物, 産業廃棄物",True,False,False,13.0,R11.2.1,,,,35.5711526,140.1239361
d2fa324c-4bda-4711-a318-0b25ef9f2caa,['methane'],{'methane': '16'},2026-01-06T23:31:49.071159,千葉バイオガスセンター,JFEエンジニアリング（株）,千葉県千葉市中央区川崎町1番地,,千葉県,['湿式中温'],30.0,"家庭系生ごみ, 事業系生ごみ",False,False,True,,,,事業方式: 民設民営方式,,35.5720079,140.1079742
032785de-ae87-4a9f-8806-db30f4e02ff4,['registered'],{'registered': '8'},2026-01-06T23:31:49.077210,有限会社笠間商事 幕張工場,有限会社笠間商事,千葉県千葉市花見川区幕張町3丁目2257番地1号、2256番地2号,043-271-3718,,['油脂化事業'],,有価物,True,False,False,8.0,R8.3.29,,,,35.671981,140.0557345
683ca34f-48dc-4833-8ead-7447fb5226c9,['syokuri'],{'syokuri': '445'},2026-01-06T23:31:49.083704,みどり産業株式会社,みどり産業株式会社,千葉県市原市五井9093-3,0436-22-2020,千葉県,['肥料化'],,食品リサイクラー,False,False,False,,,http://www.midori-sangyou.co.jp/,様々な車両や面効率を高める物流、廃プラ等の固形物系の総合リサイクル、常駐者派遣による分別、発生抑制へのアドバイスなども行っており、廃棄物全般の分別、物流、再生までの最適な組み合わせを提案しています。また、関連会社で農業も行っており、農産物の提供も行っています。,https://syokuri.jp/top/wp-content/themes/zsr-1/img/logo-header.png,35.5292092,140.082015
58c9bdf5-7208-4867-844d-90314e5d1842,['registered'],{'registered': '3'},2026-01-06T23:31:49.090833,株式会社農業技術マーケティング 行徳飼料工場,株式会社農業技術マーケティング,千葉県市川市本行徳2554番地63,047-307-4833,,['飼料化事業'],,"一般廃棄物, 産業廃棄物, 有価物",True,False,False,3.0,R9.9.30,,,,35.6797547,139.9372499
f4312b24-d75a-4f01-bb12-42c845d2802a,['certified'],{'certified': '56'},2026-01-06T23:31:49.097502,有限会社ブライトピック千葉 / 溝原工場,有限会社 ブライトピック / 有限会社ブライトピック千葉,千葉県旭市溝原妙見壷 1009番の一部、1020番1の 一部、1023番1,,,['飼料化'],,,False,True,False,56.0,,,食品関連事業者: 株式会社ベイシア / ＪＡ全農ミートフーズ株式会社 / 収集先: 千葉県：野田市、茂原 / 市、東金市、旭市、市原 / 市、鴨川市、八街市、富 / 里市、匝瑳市、香取市、 / 大網白里市、長生村、い / すみ市、流山市、木更津 / 市、印西市、勝浦市、芝 / 山町 / 茨城県：日立市、高萩 / 市、神栖市、行方市、石 / 岡市、潮来市,,35.7828398,140.6352878
72654c9b-3087-4116-af73-10eb0f00ce58,['registered'],{'registered': '10'},2026-01-06T23:31:49.103413,有限会社ブライトピック千葉 溝原工場,有限会社ブライトピック千葉,千葉県旭市溝原字妙見壷1009番の一部、1020番1、1023番1,0479-60-6430,,['飼料化事業'],,"一般廃棄物, 産業廃棄物, 有価物",True,False,False,10.0,R9.6.25,,,,35.7828398,140.6352878
9c101df4-de3e-498b-a757-0947dbae7ac5,['registered'],{'registered': '17'},2026-01-06T23:31:49.110573,株式会社ビー・アール・クリエイト 本社工場,株式会社ビー・アール・クリエイト,千葉県旭市鏑木字猪草野3484番1、3951番1、3951番2千葉県旭市鏑木字保々示戸3479番、3480番,0479-68-4808,,['肥料化事業'],,産業廃棄物,True,False,False,17.0,R8.1.5,,,,35.76799450000001,140.5912308
a5dd99f6-8072-4e5e-8823-478ba8ff0476,['certified'],{'certified': '58'},2026-01-06T23:31:49.118270,三友プラントサービス株式会 / 社千葉工場,三友プラントサービス株式会社,千葉県東金市滝沢631-1,,,['飼料化'],,,False,True,False,58.0,,,食品関連事業者: 株式会社帝国ホテル / 収集先: 東京都：千代田区,,35.5976347,140.3259623
fdebe75a-cf25-4dba-baf3-50264f15ea06,['syokuri'],{'syokuri': '693'},2026-01-06T23:31:49.124755,ゼロワットパワ－株式会社,ゼロワットパワ－株式会社,千葉県柏市若柴178番地4 柏の葉キャンパスKOIL,04-7126-0561,千葉県,[],,コンサルタント,False,False,False,,,https://zerowattpower.co.jp/,コンビニやスーパーから廃棄される油を使った電気を販売しています。油を使った発電は再生可能エネルギーの1つとして注目されており、天候に左右されることがなく安定した電気の供給が可能です。 発電所の設立と運営の協力もいたします。,https://syokuri.jp/top/wp-content/themes/zsr-1/img/logo-header.png,35.895061,139.9518463
58df937d-8611-4480-8fed-4c1b09e4c96a,['registered'],{'registered': '2'},2026-01-06T23:31:49.131413,株式会社農 高田プラント,株式会社農,千葉県銚子市高田町七丁目1661番、1670番1、1670番2、1677番,0479-30-2802,,['肥料化事業'],,"一般廃棄物, 産業廃棄物",True,False,False,2.0,R9.3.14,,,,35.7528417,140.7429802
d21f1153-b421-436c-af79-38db4ba88f3a,['certified'],{'certified': '52'},2026-01-06T23:31:49.138024,みどり産業株式会社長柄工 / 場,みどり産業株式会社,千葉県長生郡長柄町長柄山 1162-28,,,['肥料化'],,,False,True,False,43.0,,,食品関連事業者: 株式会社ANAケータリングサービ / ス / 収集先: 千葉県：成田市 / 食品関連事業者: 株式会社銚子丸 / 収集先: 千葉県：佐倉市,,35.4555584,140.1747655
fe5002d7-d70d-49d4-8080-86e7c53b3f49,['registered'],{'registered': '6'},2026-01-06T23:31:49.144061,みどり産業株式会社 長柄工場,みどり産業株式会社,千葉県長生郡長柄町長柄山1162番28、1143番3,0436-22-2020,,['肥料化事業'],,"一般廃棄物, 産業廃棄物",True,False,False,6.0,R10.9.25,,,,35.4604909,140.1749886
7a414dac-02e1-474a-bb4e-cef7f8bfde00,['registered'],{'registered': '28'},2026-01-06T23:31:49.150431,株式会社ケミカルフォース 名古屋工場,株式会社ケミカルフォース,名古屋市港区潮見町37番10,052-612-5750,,['肥料化事業'],,"一般廃棄物, 産業廃棄物",True,False,False,28.0,R8.8.24,,,,35.055894,136.8703003
ff78cd42-b610-4712-8432-7770e7599190,['registered'],{'registered': '1'},2026-01-06T23:31:49.156855,エコマネジメント株式会社 桃山アップサイクル工場,エコマネジメント株式会社,和歌山県紀の川市桃山町調月字北嶋2822番13,073-422-6513,,['飼料化事業'],,産業廃棄物,True,False,False,1.0,R8.5.26,,,,34.2262792,135.3333355
2244ef7a-c6b4-4d90-98c1-a22fa1cbc371,['syokuri'],{'syokuri': '677'},2026-01-06T23:31:49.163079,中部エコテック株式会社,中部エコテック株式会社,埼玉県さいたま市北区吉野町2-231-6,048-651-9981,埼玉県,[],,プラントメーカー,False,False,False,,,https://chueco.co.jp/,弊社は、微生物のチカラを活用した自然エネルギーで、畜糞、食品残渣、有機汚泥の減容、乾燥、そして、肥料化、燃料化を実現する発酵処理機を販売しているメーカーです。,https://syokuri.jp/top/wp-content/themes/zsr-1/img/logo-header.png,35.9625026,139.6085183
d9c3a192-cc43-4b2b-872b-bf4723095668,['syokuri'],{'syokuri': '438'},2026-01-06T23:31:49.170863,株式会社アイル・クリーンテック,株式会社アイル・クリーンテック,埼玉県さいたま市浦和区常磐5-2-18,048-825-9019,埼玉県,['肥料化'],,食品リサイクラー,False,False,False,,,http://www.i-ll-group.co.jp/,埼玉県整備事業「彩の国資源循環工場」内にありパレット毎に原料の履歴管理を行う「パレット式自動管理システム」を全国で初めて導入。生産者のニーズに合わせた堆肥を生産することでリサイクルループを構築します。,https://syokuri.jp/top/wp-content/themes/zsr-1/img/logo-header.png,35.8644189,139.6497526
77b5217a-2ea2-413d-b43a-cc4c188a9110,['registered'],{'registered': '15'},2026-01-06T23:31:49.178315,ニューエナジーふじみ野株式会社 本社工場,ニューエナジーふじみ野株式会社,埼玉県ふじみ野市駒林字北谷1033番１、字伏尾1066番１の一部(計２筆）,049-293-3115,,['メタン化事業'],,,True,False,False,15.0,R10.3.26,,,,35.8696674,139.5369095
c23d9fe4-e848-4f72-b2e7-674f04c7552d,['registered'],{'registered': '14'},2026-01-06T23:31:49.185243,比留間運送株式会社 入間工場,比留間運送株式会社,埼玉県入間市入間都市計画事業狭山台土地区画整理事業24-2街区1画地,0425-65-1336,,['肥料化事業'],,"一般廃棄物, 産業廃棄物",True,False,False,14.0,R8.9.16,,,,35.8358,139.3910788
af4915bb-55cd-4902-9886-daa666ab483d,['syokuri'],{'syokuri': '509'},2026-01-06T23:31:49.191585,吉岡製油有限会社,吉岡製油有限会社,埼玉県入間市狭山台4丁目18番地1,04-2934-1614,埼玉県,['油脂化'],,食品リサイクラー,False,False,False,,,http://www.y-seiyu.co.jp/,当社は埼玉県及びその周辺地域より使用済み食用油の回収を行い、自社工場にて精製後、飼料用油脂への加工製造を行っています。,https://syokuri.jp/top/wp-content/themes/zsr-1/img/logo-header.png,35.8112022,139.3634111
6f540d10-1653-4341-a158-063cf5cda1f1,['registered'],{'registered': '13'},2026-01-06T23:31:49.198720,吉岡製油有限会社 狭山台事業所,吉岡製油有限会社,埼玉県入間市狭山台四丁目18番地1,04-2934-1614,,['油脂化事業'],,"産業廃棄物, 有価物",True,False,False,13.0,R9.10.30,,,,35.8489738,139.432328
773638b4-898d-4aca-9f93-71111b4c6285,['syokuri'],{'syokuri': '681'},2026-01-06T23:31:49.205258,ウム・ヴェルト株式会社,ウム・ヴェルト株式会社,埼玉県加須市栄368-1,0280-23-2641,埼玉県,[],,コンサルタント / 収集運搬業他 / その他,False,False,False,,,http://www.um-welt.co.jp/,東日本～西日本まで食品企業様の食品ロスを中心としたトータルリサイクルを提案致します。 弊社は循環型社会の創造を理念とし、食品リサイクルの収集運搬を中心とした取り組みから、自社グループでの農業・養豚・福祉・道の駅の運営を行い、埼玉県加須市の活性化につなげる『6次産業化＋リサイクル＝7次産業化』を目指し、令和2年2月に「第7回食品産業もったいない大賞」で「農林水産省食料産業局長賞」を受賞致しました。,https://syokuri.jp/top/wp-content/themes/zsr-1/img/logo-header.png,36.1680849,139.679356
316edcda-55b3-4229-adda-c5d018a85ecd,['certified'],{'certified': '8'},2026-01-06T23:31:49.211871,株式会社アイル・クリーンテッ / ク 寄居工場,株式会社アイル・クリーンテック,埼玉県大里郡寄居町大字 三ヶ山328,,,['肥料化'],,,False,True,False,8.0,,,食品関連事業者: ユニー株式会社 / 収集先: 群馬県 ：高崎市 / 埼玉県 ：東松山市,,36.0920436,139.2132605
87502e2c-8015-4ff0-b9d2-b9030c930f36,['registered'],{'registered': '4'},2026-01-06T23:31:49.217934,株式会社アイル・クリーンテック 寄居工場,株式会社アイル・クリーンテック,埼玉県大里郡寄居町大字三ヶ山字黒岩313番5、字上田250番3、字西高山328番1,048-825-9019,,['肥料化事業'],,"一般廃棄物, 産業廃棄物",True,False,False,4.0,R8.2.19,,,,36.1184155,139.1929538
2c941fbc-5064-40b3-926a-1834f7b3e60d,['registered'],{'registered': '16'},2026-01-06T23:31:49.224294,オリックス資源循環株式会社 寄居バイオガスプラント,オリックス資源循環株式会社,埼玉県大里郡寄居町大字西ノ入字髙根沢天王裏２９８１番１１、２９８１番１５、２９８１番１６、２９８１番１７、２９８１番１８、字髙根沢萩畝３０５０番２３ 以上６筆,048-582-0871,,['メタン化事業'],,,True,False,False,16.0,R11.3.27,,,,36.0813005,139.1980228
804be4e9-16c4-42cf-abfb-0e6fc6d0f788,['syokuri'],{'syokuri': '468'},2026-01-06T23:31:49.230397,大村商事株式会社,大村商事株式会社,埼玉県志木市下宗岡2-18-20,048-472-0328,埼玉県,['肥料化'],,食品リサイクラー,False,False,False,,,https://ohmura.info/,,https://syokuri.jp/top/wp-content/themes/zsr-1/img/logo-header.png,35.8331278,139.5951302
3ed631f0-788a-4bcb-8d3b-40c9f9e58ee1,['syokuri'],{'syokuri': '1259'},2026-01-06T23:31:49.237230,株式会社ジェイ・アール・エス,株式会社ジェイ・アール・エス,埼玉県所沢市林1-299-8,04-2938-7277,埼玉県,"['肥料化', '飼料化']",,食品リサイクラー / 収集運搬業他,False,False,False,,,http://www.jrs-eco.com,弊社は、２００３年に食品リサイクル事業を開始、所沢市を中心に近隣自治体の食品関連事業者から発生する未利用食品を受け入れて、飼料・肥料化を行っています。関連企業の創業者が過去に養豚事業を行っていたことから、現在でも関係会社にて養豚事業を運営し弊社で製造した飼料を使用しています。未利用食品を飼料化することでサーキュラーエコノミーを推進しています。,https://syokuri.jp/top/wp-content/themes/zsr-1/img/logo-header.png,35.8044737,139.3874209
9759ca80-5766-4108-b223-37dc2e14e26b,['registered'],{'registered': '2'},2026-01-06T23:31:49.244247,株式会社ジェイ・アール・エス 三ヶ島工場,株式会社ジェイ・アール・エス,埼玉県所沢市林一丁目299番8,04-2938-7277,,"['飼料化事業', '肥料化事業']",,"一般廃棄物, 産業廃棄物",True,False,False,2.0,R7.11.27,,,,35.8044737,139.3874209
a55d464e-12df-4fae-89ee-591388a3a6c5,['syokuri'],{'syokuri': '440'},2026-01-06T23:31:49.250825,株式会社サニタリーセンター,株式会社サニタリーセンター,埼玉県本庄市新井800,0495-24-8281,埼玉県,['肥料化'],,食品リサイクラー,False,False,False,,,http://www.sanitary.co.jp/,一般・産廃の食品資源物を堆肥化リサイクルしております。包装・梱包された物も受け入れ可能。自動選別機にて選別後、縦型コンポンストと熟成ヤードで約90日寝かせて、近隣農家の方や量販店にて堆肥販売しております。これからも循環型社会構築に協力して行きます。,https://syokuri.jp/top/wp-content/themes/zsr-1/img/logo-header.png,36.2646713,139.1749711
cc6b3de1-fb39-44b1-8886-ce6b10685c30,['registered'],{'registered': '10'},2026-01-06T23:31:49.257905,株式会社サニタリーセンター 新井工場,株式会社サニタリーセンター,埼玉県本庄市新井字川原788番の一部、791番、792番、800番,0495-24-8281,,['肥料化事業'],,"一般廃棄物, 産業廃棄物",True,False,False,10.0,R10.10.19,,,,36.2667288,139.1714529
40f928b7-1028-41fe-9d34-4427a0fa2554,['registered'],{'registered': '9'},2026-01-06T23:31:49.264324,太田油脂産業株式会社 本社工場,太田油脂産業株式会社,埼玉県草加都市計画事業八潮南部西一体型特定土地区画整理事業施行地区内160街区8画地、9画地、10画地、11画地,048-995-3452,,['油脂化事業'],,有価物,True,False,False,9.0,R10.8.17,,,,35.8226792,139.8392388
3ac737e3-718b-4000-a9bf-8494af987e51,['syokuri'],{'syokuri': '700'},2026-01-06T23:31:49.270776,有限会社恵上商店,有限会社恵上商店,大分県中津市大字福島1617番地の1,0979-32-8116,大分県,[],,収集運搬業他,False,False,False,,,,,https://syokuri.jp/top/wp-content/themes/zsr-1/img/logo-header.png,33.5622414,131.2349378
3ea84abb-3217-4134-b0bd-1770802d81fc,['registered'],{'registered': '2'},2026-01-06T23:31:49.277559,オアシスジャパン堆肥センター,株式会社オアシスジャパン,大分県大分市大字上戸次字源内谷4455番地2,097-567-8818,,['肥料化事業'],,"一般廃棄物, 産業廃棄物",True,False,False,2.0,R8.7.20,,,,33.0999864,131.6560502
fa9092f9-ecd4-4a7d-abee-f6870060fdd5,['certified'],{'certified': '39'},2026-01-06T23:31:49.284368,株式会社環境整備産業食品 / リサイクル工場,株式会社環境整備産業,大分県大分市大字福宗字久 保鶏613番、643番3、636番 1、638番1,,,['肥料化'],,,False,True,False,39.0,,,食品関連事業者: イオン九州株式会社 / 収集先: 大分県：大分市、由布市,,33.1667755,131.5087782
929dd449-b490-442c-b008-b017f388168b,['registered'],{'registered': '4'},2026-01-06T23:31:49.290577,株式会社環境整備産業 食品リサイクル工場,株式会社環境整備産業,大分県大分市大字福宗字久保鶴613番4、638番1、634番3、636番1,097-569-0854,,['肥料化事業'],,"一般廃棄物, 産業廃棄物",True,False,False,4.0,R8.7.25,,,,33.1667755,131.5087782
10907a1b-4ac3-4bb3-8235-480ae10ca8e5,['registered'],{'registered': '5'},2026-01-06T23:31:49.297631,ゆうび株式会社 豊海工場,ゆうび株式会社,大分県大分市豊海三丁目1994番207,097-579-6638,,['肥料化事業'],,一般廃棄物,True,False,False,5.0,R12.9.8,,,,33.2572216,131.608043
49685995-30b9-49d3-bff8-b8c115384494,['methane'],{'methane': '41'},2026-01-06T23:31:49.304545,日田市バイオマス資源化センター,日田市,大分県日田市清水町1906,,大分県,['湿式中温'],80.0,"家庭系生ごみ, 事業系生ごみ",False,False,True,,,,事業方式: 公設公営方式,,33.3206146,130.9404064
ffbb0c54-9284-4204-9f4a-4e41e658a6cc,['registered'],{'registered': '6'},2026-01-06T23:31:49.312067,株式会社大島産業 大分玖珠工場,株式会社大島産業,大分県玖珠郡玖珠町大字戸畑９８３９番３,0952-53-4400,,['肥料化事業'],,産業廃棄物,True,False,False,6.0,R11.2.27,,,,33.2915752,131.0615451
a0c55af9-5b8a-4cb1-887f-4c4d16fe88d0,['certified'],{'certified': '33'},2026-01-06T23:31:49.319499,大阪いずみ市民生活協同組 / 合 テクノステージ物流セン / ター 生ごみ処理工場,大阪いずみ市民生活協同組合,大阪府和泉市テクノステージ 2丁目1-10,,,['肥料化'],,,False,True,False,33.0,,,食品関連事業者: 大阪いずみ市民生活協同組合 / 収集先: 大阪府 ：和泉市、堺市、 / 羽曳野市、河内長野市、 / 岸和田市、泉佐野市、貝 / 塚市、東大阪市,,34.428213,135.4495481
c4e76220-0629-4d51-883f-baf348b40189,['registered'],{'registered': '4'},2026-01-06T23:31:49.325881,株式会社関西再資源ネットワーク 本社工場,株式会社関西再資源ネットワーク,大阪府堺市西区築港新町4丁2番5,072-320-9001,,['炭化事業'],,"一般廃棄物, 産業廃棄物",True,False,False,4.0,R10.3.24,,,,34.5767768,135.4176392
cf8089e1-5753-4aad-b38a-908fca14cc6e,['registered'],{'registered': '8'},2026-01-06T23:31:49.332066,植田油脂株式会社 本社工場,植田油脂株式会社,大阪府大東市深野5丁目459番、460番1、460番3、461番3、461番4,072-870-3555,,['油脂化事業'],,"一般廃棄物, 産業廃棄物, 有価物",True,False,False,8.0,R10.6.5,,,,34.7135464,135.6367398
10205f9e-a2ee-4d03-b1f2-1dcf2d2f0ef5,['registered'],{'registered': '7'},2026-01-06T23:31:49.338455,,小島サステナブルフィッシャリーズ株式会社,大阪府岸和田市臨海町16-1,072-438-6414,,"['飼料化事業', '油脂化事業']",,一般廃棄物,True,False,False,7.0,R9.8.7,,,,34.4753312,135.3670482
bc7cd8da-5fc4-4906-8103-3a9405c4a825,['registered'],{'registered': '5'},2026-01-06T23:31:49.344996,東大阪食品リサイクルセンター,辰巳環境開発株式会社,大阪府東大阪市水走3丁目12番56号,072-882-4331,,['肥料化事業'],,"一般廃棄物, 産業廃棄物, 有価物",True,False,False,5.0,R10.8.5,,,,34.683309,135.6314031
0092aaec-838a-49c4-a556-47c8458cc8bf,['registered'],{'registered': '3'},2026-01-06T23:31:49.351095,株式会社大口油脂 オイルリサイクルセンター,株式会社大口油脂,大阪府茨木市蔵垣内1丁目215番2の一部,072-624-7227,,['油脂化事業'],,"産業廃棄物, 有価物",True,False,False,3.0,R8.11.15,,,,34.7990463,135.5564505
340ff2a6-9d60-47ad-8b90-8b554b8ea868,['methane'],{'methane': '33'},2026-01-06T23:31:49.358346,奈良市衛生浄化センター,奈良市,奈良県奈良市大安寺西2-281,,奈良県,['湿式中温'],9.4,事業系生ごみ,False,False,True,,,,事業方式: 公設公営方式,,34.6703013,135.8035813
1086edf1-0268-49b2-9428-3d138e536f39,['registered'],{'registered': '2'},2026-01-06T23:31:49.364271,株式会社村田商店 畜産部,株式会社村田商店,奈良県奈良市東鳴川町634、635、636、637、638、640、641,0742-34-1836,,['飼料化事業'],,"一般廃棄物, 産業廃棄物, 有価物",True,False,False,2.0,R11.1.6,,,,34.7086418,135.8790196
a213af94-3194-4222-a82b-437c7d46b792,['syokuri'],{'syokuri': '475'},2026-01-06T23:31:49.370322,エス・イー・イー株式会社,エス・イー・イー株式会社,奈良県御所市柏原413,0745-65-2033,奈良県,['肥料化'],,食品リサイクラー,False,False,False,,,http://www.see-729.com/,,https://syokuri.jp/top/wp-content/themes/zsr-1/img/logo-header.png,34.4573124,135.7593387
e3fb0dee-bcc2-455a-948f-abca0b3b103a,['registered'],{'registered': '1'},2026-01-06T23:31:49.377356,エス・イー・イー株式会社 橿原営業所,エス・イー・イー株式会社,奈良県橿原市一町964番1、964番3、965番1,0745-65-2033,,"['飼料化事業', '肥料化事業']",,有価物,True,False,False,1.0,R9.12.13,,,,34.4721315,135.763946
88a29326-219a-49e5-be6d-2c16477952c6,['registered'],{'registered': '7'},2026-01-06T23:31:49.383502,株式会社東北バイオフードリサイクル 仙台工場,株式会社東北バイオフードリサイクル,宮城県仙台市宮城野区蒲生三丁目１０番地の１,022-355-9151,,['メタン化事業'],,,True,False,False,7.0,R10.10.16,,,,38.2599203,141.0102646
851fc641-a93d-4e69-9250-303a49951199,['methane'],{'methane': '12'},2026-01-06T23:31:49.389723,JNEXバイオプラント,(株)ジェイネックス,宮城県仙台市泉区明通2丁目80,,宮城県,['湿式中温'],160.0,事業系生ごみ,False,False,True,,,,事業方式: 民設民営方式,,38.3585179,140.8477362
0fbdc188-8557-47e1-b9a1-343663723b0c,['syokuri'],{'syokuri': '463'},2026-01-06T23:31:49.395509,株式会社ジェイネックス,株式会社ジェイネックス,宮城県仙台市泉区明通２丁目８０番,022-779-5515,宮城県,"['肥料化', 'メタン化']",,食品リサイクラー,False,False,False,,,https://jnex.co.jp/,,https://syokuri.jp/top/wp-content/themes/zsr-1/img/logo-header.png,38.3585179,140.8477362
5f43330b-ee0b-43eb-b365-3477e0c74691,['methane'],{'methane': '11'},2026-01-06T23:31:49.402353,六の国汚泥再生処理センター,大崎地域広域行政事務組合大崎広域西部事業所（大崎市・色麻町・加美町・涌谷町・美里町）,宮城県加美郡加美町新川原92,,宮城県,['湿式中温'],1.1,事業系生ごみ,False,False,True,,,,事業方式: 公設公営方式,,38.5553291,140.8577843
7a663691-4c77-4acf-8097-7d55c3863baa,['methane'],{'methane': '13'},2026-01-06T23:31:49.408229,南三陸BIO,アミタ株式会社,宮城県本吉郡南三陸町志津川字下保呂毛14番地1,,宮城県,['湿式中温'],10.5,家庭系生ごみ,False,False,True,,,,事業方式: 民設民営方式,,38.6752335,141.4336634
c697cfe7-fb41-48b0-839f-233a2bd26a88,['certified'],{'certified': '3'},2026-01-06T23:31:49.414215,ウジエ無限ファクトリー,株式会社ウジエクリーンサービ / ス,宮城県登米市南方町雷12-1,,,['肥料化'],,,False,True,False,3.0,,,食品関連事業者: 株式会社ウジエスーパー / 株式会社ウジエクリーンサービス / 収集先: 宮城県 ：仙台市、石巻 / 市、塩釜市、利府町,,38.6687796,141.1899807
a3489d17-b64e-4f71-b2c8-47d1b3b07be1,['registered'],{'registered': '2'},2026-01-06T23:31:49.422441,日本環境株式会社 白石事業所,日本環境株式会社,宮城県白石市福岡蔵本字長峰114番地2,03-5473-7381,,['肥料化事業'],,"一般廃棄物, 産業廃棄物, 有価物",True,False,False,2.0,R11.12.19,,,,38.0257154,140.5545193
ff70cd20-82b3-4d5c-8474-964bff3a64c7,['methane'],{'methane': '42'},2026-01-06T23:31:49.428669,串間エコクリーンセンター,串間市,宮崎県串間市大字南方1118,,宮崎県,['湿式中温'],2.6,事業系生ごみ,False,False,True,,,,事業方式: 公設公営方式,,31.4512402,131.2331549
d240d7b9-93e7-44bd-9cb5-29e4001da7b0,['registered'],{'registered': '2'},2026-01-06T23:31:49.435722,南國興産株式会社 高城工場,南國興産株式会社,宮崎県都城市高城町有水字田辺1941番249、渕ノ元4472番3、6、15,0986-53-1041,,"['飼料化事業', '肥料化事業']",,"一般廃棄物, 産業廃棄物, 有価物",True,False,False,2.0,R8.2.9,,,,31.8822205,131.1501982
c706c98f-a3cd-46e0-a28a-30b8070e0f8a,['methane'],{'methane': '23'},2026-01-06T23:31:49.441964,富山グリーンフードリサイクル施設,富山グリーンフードリサイクル(株),富山県富山市松浦町8-20,,富山県,['湿式高温'],40.0,"家庭系生ごみ, 事業系生ごみ",False,False,True,,,,事業方式: 民設民営方式,,36.7587406,137.2440115
2bd21ff0-f53e-423c-9ed5-99fb0f07f3d8,['registered'],{'registered': '2'},2026-01-06T23:31:49.447851,三友商事有限会社 荒俣工場,三友商事有限会社,富山県滑川市荒俣25番地,076-475-5264,,"['飼料化事業', '肥料化事業']",,"一般廃棄物, 有価物",True,False,False,2.0,R12.6.18,,,,36.7837783,137.362053
18bcd9e2-52ba-4661-8060-1f83a83c017b,['registered'],{'registered': '1'},2026-01-06T23:31:49.455477,山陽ハイミール株式会社 本社工場,山陽ハイミール株式会社,山口県下関市筋川町20番15号,083-232-3288,,"['飼料化事業', '油脂化事業']",,"一般廃棄物, 産業廃棄物, 有価物",True,False,False,1.0,R7.10.6,,,,33.9647321,130.913807
038e4eda-003c-48d8-8d23-a1e66968c301,['syokuri'],{'syokuri': '697'},2026-01-06T23:31:49.462608,株式会社トクビル,株式会社トクビル,山口県周南市大字栗屋50番地の11,0834-36-3880,山口県,[],,収集運搬業他,False,False,False,,,,,https://syokuri.jp/top/wp-content/themes/zsr-1/img/logo-header.png,34.0112318,131.8123477
17c0e6c4-1848-4398-8f96-2912d6a031da,['syokuri'],{'syokuri': '453'},2026-01-06T23:31:49.469564,株式会社アースクリエイティブ,株式会社アースクリエイティブ,山口県宇部市大字上宇部2842番地30,0836-43-6112,山口県,['飼料化'],,食品リサイクラー,False,False,False,,,https://www.earth-creative.co.jp/,処理能力24t/日、生産能力約8t/日。パック品などにも対応可能な前処理工程、飼料の質にこだわった減圧乾燥機を採用し、畜産農家へ直接使って頂けるよう成分調整・異物除去の仕上げ工程も備えた施設です。畜産試験場で育成実験も行った高品質な飼料を製造しています。,https://syokuri.jp/top/wp-content/themes/zsr-1/img/logo-header.png,33.9854801,131.2597254
f826890d-9814-491b-b13f-b3a52f324e53,['registered'],{'registered': '2'},2026-01-06T23:31:49.476503,株式会社アースクリエイティブ 食品リサイクルセンター,株式会社アースクリエイティブ,山口県宇部市大字山中字甲石700番17,0836-41-0377,,['飼料化事業'],,"一般廃棄物, 産業廃棄物",True,False,False,2.0,R8.10.9,,,,33.9515554,131.2468161
6ff1d289-bf30-4564-b6b8-795baad43075,['methane'],{'methane': '35'},2026-01-06T23:31:49.482831,防府市クリーンセンター,防府市グリーンパーク防府,山口県防府市大字新田364 番地,,山口県,['乾式高温'],51.5,"家庭系生ごみ, 事業系生ごみ",False,False,True,,,,事業方式: 公設民営方式（DBO）,,34.0331221,131.5796164
5aa1198d-b7d0-4ca4-8b7f-1e88ead1e614,['registered'],{'registered': '1'},2026-01-06T23:31:49.488813,株式会社 丹野 エコプラザ,株式会社丹野,山形県上山市楢下字柏木1527、1527－1、1527-丙、1754、1754-乙、1754-壬、1754-9、1528-1、1529、1529-乙、1529-丙、1530、1531、1532-1、1532-4、1533-3、1534-2、1754-1,023-641-1141,,['肥料化事業'],,"一般廃棄物, 産業廃棄物",True,False,False,1.0,R9.3.14,,,,38.0795366,140.2787656
00e9da69-79aa-4659-97f2-5b0fa53b978e,['syokuri'],{'syokuri': '1258'},2026-01-06T23:31:49.494975,株式会社 丹野,株式会社 丹野,山形県山形市松見町12-3,023-641-1141,山形県,['肥料化'],,食品リサイクラー,False,False,False,,,https://tanno-eco.com/,弊社は、創業以来、山形に根ざし、地域の環境保全に貢献しております。 特に、山形県リサイクル認定製品である「エコたいひ」は、県内外で出る食品廃棄物や有機汚泥などの循環資源を、天然微生物の力で発酵させた完熟肥料です。 今後も、地域社会に貢献するため、リサイクルループの構築に尽力して参ります。,https://syokuri.jp/top/wp-content/themes/zsr-1/img/logo-header.png,38.2295534,140.338865
7e348f19-1a7b-4a5b-8832-236268a48ed3,['registered'],{'registered': '1'},2026-01-06T23:31:49.501738,有限会社エコサイクルセンター 狩宿工場,有限会社エコサイクルセンター,山梨県南巨摩郡富士川町高下3509-1、3590-3、3593、3594、3595、3596、3602-1、3602-3、3603,0556-22-7722,,['肥料化事業'],,"一般廃棄物, 産業廃棄物",True,False,False,1.0,R12.9.29,,,,35.5296866,138.4112965
d974d583-c3c3-4c73-bccf-bafa9f68fa64,['registered'],{'registered': '5'},2026-01-06T23:31:49.507947,小森産業株式会社 富加クリーンセンター,小森産業株式会社,岐阜県加茂郡富加町高畑字稲荷644番2、644番6、644番7、1147番、1148番、1149番、1150番、1151番,0574-54-1283,,['肥料化事業'],,"一般廃棄物, 産業廃棄物",True,False,False,5.0,R12.7.9,,,,35.4741652,136.9598669
4315ebf4-0672-45f8-b49f-479527eec276,['registered'],{'registered': '3'},2026-01-06T23:31:49.514238,株式会社橋本 関工場（関エコフィードセンター）,株式会社橋本,岐阜県関市尾太町41番、44番2岐阜県関市下有知字未洞5560番8,0574-63-1111,,['飼料化事業'],,"一般廃棄物, 産業廃棄物",True,False,False,3.0,R11.3.30,,,,35.5087557,136.9297963
04e1c60f-56c8-411d-9d40-8dac60f1745e,['certified'],{'certified': '24'},2026-01-06T23:31:49.520361,株式会社橋本 関エコフィード / センター,株式会社橋本,岐阜県関市尾太町41番地,,,['飼料化'],,,False,True,False,24.0,,,食品関連事業者: ユニー株式会社 / 株式会社ファミリーマート / 収集先: 石川県 ：白山市 / 山梨県 ：甲斐市 / 岐阜県 ：多治見市、美 / 濃市、瑞浪市、加茂郡川 / 辺町、御嵩町 / 静岡県 ：静岡市、浜松 / 市、島田市、,,35.5087557,136.9297963
96555274-e752-40d8-ae72-ab0f8c5e99c8,['certified'],{'certified': '46'},2026-01-06T23:31:49.526358,株式会社橋本関工場 / （関エコフィードセンター）,株式会社橋本,岐阜県関市尾太町41番外２ 筆,,,['飼料化'],,,False,True,False,46.0,,,食品関連事業者: 株式会社平和堂 / 収集先: 滋賀県 ：草津市、守山 / 市、野州市、東近江市、 / 近江八幡市、竜王町、彦 / 根市、長浜市、犬上郡豊 / 郷町,,35.5087557,136.9297963
c66de591-5ccb-41f2-ad5f-8283b90b9e4b,['methane'],{'methane': '34'},2026-01-06T23:31:49.541099,岡山県畜産バイオマス利活用実証展示施設,岡山県,岡山県久米郡美咲町北2272,,岡山県,['湿式中温'],2.7,事業系生ごみ,False,False,True,,,,事業方式: 公設公営方式,,35.0393882,133.8402406
94ef839f-9e93-4da5-b774-e89b3a8200b7,['registered'],{'registered': '3'},2026-01-06T23:31:49.555060,有限会社立龍美掃 第２平田リサイクルセンター、第３平田リサイクルセンター,有限会社立龍美掃,岡山県倉敷市平田７１０番７、７０４番６、７０８番５,086-422-8897,,['飼料化事業'],,"一般廃棄物, 産業廃棄物",True,False,False,3.0,R11.6.26,,,,34.613002,133.7806218
ba40ce7b-53f5-48d8-8d89-c935df085163,['registered'],{'registered': '4'},2026-01-06T23:31:49.563807,バイオディーゼル岡山 食品リサイクル工場,バイオディーゼル岡山株式会社,岡山県岡山市南区築港栄町７番49、７番50,086-261-6050,,['メタン化事業'],,"一般廃棄物, 産業廃棄物",True,False,False,4.0,R9.11.30,,,,34.598283,133.945852
553e688a-88bc-4cc7-9e7c-b3cd6e3edddb,['syokuri'],{'syokuri': '699'},2026-01-06T23:31:49.571341,真庭広域廃棄物リサイクル事業協同組合,真庭広域廃棄物リサイクル事業協同組合,岡山県真庭市中429番地1,0857-45-7773,岡山県,[],,収集運搬業他,False,False,False,,,,,https://syokuri.jp/top/wp-content/themes/zsr-1/img/logo-header.png,35.0598632,133.752055
97650d5c-7885-4846-8204-b0e8c9e1af41,['registered'],{'registered': '2'},2026-01-06T23:31:49.578758,株式会社白滝有機産業 岡山工場,株式会社白滝有機産業,岡山県美作市白水1303-1，1303-2,086-230-1122,,['肥料化事業'],,産業廃棄物,True,False,False,2.0,R11.12.21,,,,34.9735417,134.2734771
d581fe02-d968-4191-ace2-539c33e6693f,['syokuri'],{'syokuri': '698'},2026-01-06T23:31:49.585052,株式会社三美産業,株式会社三美産業,岡山県高梁市川上町三沢4342-2,0866-48-2878,岡山県,[],,収集運搬業他,False,False,False,,,,,https://syokuri.jp/top/wp-content/themes/zsr-1/img/logo-header.png,34.6977996,133.500464
e4477c6a-dfa7-41be-896b-935dee5f3764,['syokuri'],{'syokuri': '435'},2026-01-06T23:31:49.593169,株式会社岩手環境事業センター,株式会社岩手環境事業センター,岩手県北上市二子町上野112-1,0197-66-3171,岩手県,['肥料化'],,食品リサイクラー,False,False,False,,,,食品加工汚泥、し尿汚泥、及び生ごみ等を混合して堆肥化を図っている、岩手県再生利用認定製品です。 近隣の市町村から排出された有機性廃棄物を処理し、機械散布が可能なように選別された堆肥です。 各農家、ゴルフ場、法面工事等、幅広く利用して循環型社会の構築を図っています。,https://syokuri.jp/top/wp-content/themes/zsr-1/img/logo-header.png,39.3087397,141.1254855
7a7b7170-1483-4018-b496-9f0335d95998,['registered'],{'registered': '2'},2026-01-06T23:31:49.603516,株式会社岩手環境事業センター,株式会社岩手環境事業センター,岩手県北上市黒岩4地割75番地35、36、37、38、39、40、41、42、43、54、55、56、72,0197-66-3171,,['肥料化事業'],,"一般廃棄物, 産業廃棄物",True,False,False,2.0,R9.9.30,,,,39.304435,141.1771735
5461fa8d-f630-4511-9b88-45a5f3312ba9,['methane'],{'methane': '9'},2026-01-06T23:31:49.610161,くずまき高原牧場バイオガスプラント,くずまき高原牧場,岩手県岩手郡葛巻町40-57-176,,岩手県,['湿式中温'],14.0,"家庭系生ごみ, 事業系生ごみ",False,False,True,,,,事業方式: 公設民営方式（DBO）,,40.0398211,141.4366957
a622e6ee-61bb-4c75-b6a9-cb4aa92a9c84,['registered'],{'registered': '4'},2026-01-06T23:31:49.617484,㈱バイオマスパワーしずくいし 小岩井事業所,株式会社バイオマスパワーしずくいし,岩手県岩手郡雫石町中黒沢川17-7、17-9、17-11,019-692-5010,,"['メタン化事業', '肥料化事業']",,"一般廃棄物, 産業廃棄物",True,False,False,4.0,R8.11.7,,,,39.734662,141.002864
9b029b50-c1a4-4ffe-b400-51dde0ea75f2,['methane'],{'methane': '10'},2026-01-06T23:31:49.624834,バイオマスパワーしずくいし,(株)バイオマスパワーしずくいし,岩手県岩手郡雫石町中黒沢川17番地７他,,岩手県,['湿式中温'],51.95,事業系生ごみ,False,False,True,,,,事業方式: 民設民営方式,,39.734662,141.002864
19072ed0-b4f3-442e-a723-1baccf2cea9f,['syokuri'],{'syokuri': '676'},2026-01-06T23:31:49.631418,株式会社齊藤興業,株式会社齊藤興業,岩手県盛岡市黒川12-18,019-696-2526,岩手県,[],,収集運搬業他 / その他,False,False,False,,,,,https://syokuri.jp/top/wp-content/themes/zsr-1/img/logo-header.png,39.636711,141.1914631
27ee42c7-ca86-4e6a-aa0d-ec3693ae2682,['registered'],{'registered': '1'},2026-01-06T23:31:49.639046,金ケ崎町高品質堆肥製造施設,有限会社オーガニック金ヶ崎,岩手県胆沢郡金ケ崎町西根駒沢3番地,0197-43-3310,,['肥料化事業'],,"一般廃棄物, 産業廃棄物",True,False,False,1.0,R9.3.14,,,,39.196349,141.1124685
c004d13a-668c-4558-9590-0225dc7140b0,['registered'],{'registered': '5'},2026-01-06T23:31:49.647049,岩手コンポスト株式会社 本社工場,岩手コンポスト株式会社,岩手県花巻市石鳥谷町五大堂第6地割1番3、1番4、1番11、1番12、1番13、9番、10番、32番1、33番、34番1、34番2、34番3,0198-47-2999,,['肥料化事業'],,"一般廃棄物, 産業廃棄物, 有価物",True,False,False,5.0,R9.3.14,,,,39.4363342,141.1998698
5c2a1234-0eea-49db-a6db-e01cb349a279,['registered'],{'registered': '3'},2026-01-06T23:31:49.654724,有限会社広島水産加工 製造工場,有限会社広島水産加工,広島県呉市阿賀南六丁目2番10号,0823-71-7634,,"['飼料化事業', '油脂化事業']",,"一般廃棄物, 産業廃棄物, 有価物",True,False,False,3.0,R11.8.10,,,,34.2278534,132.5939311
8835fb3f-bee0-4940-bd70-2ce5ae3f3b29,"['registered', 'syokuri']","{'registered': '1', 'syokuri': '454'}",2026-01-06T23:31:49.662429,株式会社アルファ有機 美土里工場,株式会社アルファ有機,広島県安芸高田市美土里町北12288-6,082-879-6520,広島県,"['肥料化', '肥料化事業']",,"一般廃棄物, 産業廃棄物 / 食品リサイクラー",True,False,False,1.0,R9.3.14,http://www.alpha-yuki.com/,弊社は、下水汚泥のみのコンポスト化から食品残渣を加えた事業を行うために、平成14年3月再生利用事業者として登録し、資源を有効に活用する目的をもって、｢大地からできたものは大地に帰す｣をモットーに事業展開を行っております。,https://syokuri.jp/top/wp-content/themes/zsr-1/img/logo-header.png,34.7650313,132.6342397
92d7a147-508f-42e6-b729-768cb14bb190,['registered'],{'registered': '5'},2026-01-06T23:31:49.670814,北広島エコファクトリー,西日本リネンサプライ株式会社,広島県山県郡北広島町阿坂鍋山1401番地2,082-822-1141,,['肥料化事業'],,"一般廃棄物, 産業廃棄物",True,False,False,5.0,R8.11.7,,,,34.6279035,132.4675475
e6266c52-ab24-4c30-8289-fb298aeaf199,['syokuri'],{'syokuri': '1279'},2026-01-06T23:31:49.678405,双葉三共株式会社,双葉三共株式会社,広島県広島市西条町上三永535-21,082-426-1331,広島県,"['肥料化', '飼料化']",,食品リサイクラー,False,False,False,,,https://www.futaba-sankyo.co.jp,双葉三共は、廃棄物処理における革新的な取り組みを通じて、 持続可能な社会の実現に貢献しています。 従来の堆肥化技術に加え、昆虫を活用した堆肥化処理技術や PFA S フリー肥料の開発研究など、安全で安心な資源循環（ 食品リサイクル）を追求しています。これらの技術力と探求心は、 ASEAN への肥料輸出や技術指導にも展開されており、 国際的な視点から地球環境問題の解決に取り組む、 未来志向の企業です。,https://syokuri.jp/top/wp-content/themes/zsr-1/img/logo-header.png,34.3852894,132.4553055
2ceb6ae6-4622-40c8-b220-75b19e7ea7e3,"['registered', 'syokuri']","{'registered': '6', 'syokuri': '455'}",2026-01-06T23:31:49.686556,広島堆肥プラント株式会社 佐伯工場,広島堆肥プラント株式会社,広島県廿日市市浅原甲962-2,0829-72-2410,広島県,"['肥料化', '肥料化事業']",,産業廃棄物 / 食品リサイクラー,True,False,False,6.0,R9.12.13,http://www.htaihiplant.jp/,当社は、有機質汚泥等の醗酵堆肥化プラントを建設し、産業廃棄物である汚泥等を堆肥として再生させ、大切な資源として活用するシステムです。またプラントは、地域環境を考え、画期的な無公害処理施設となっています。,https://syokuri.jp/top/wp-content/themes/zsr-1/img/logo-header.png,34.337385,132.1196608
b805711e-b508-4293-a459-3fb9e4c68db0,['registered'],{'registered': '4'},2026-01-06T23:31:49.694466,双葉三共株式会社 西小寺工場,双葉三共株式会社,広島県竹原市田万里町字西小寺11359,082-426-1331,,['肥料化事業'],,"一般廃棄物, 産業廃棄物",True,False,False,4.0,R12.2.9,,,,34.4085831,132.8296643
e049fc3b-0201-4981-8e57-3d5dd527853b,['registered'],{'registered': '1'},2026-01-06T23:31:49.701338,有限会社リフレッシュ阿南 日和佐工場,有限会社リフレッシュ阿南,徳島県海部郡美波町北河内字大戸340-1、340-2、340-3、341-1、341-4、342,0884-22-1248,,['肥料化事業'],,産業廃棄物,True,False,False,1.0,R9.5.7,,,,33.7876935,134.5549014
c07e8a13-5ac7-419e-a844-40ee9a0be9b8,"['registered', 'syokuri']","{'registered': '2', 'syokuri': '456'}",2026-01-06T23:31:49.708997,愛媛有機農園有限会社 朝倉工場,愛媛有機農園有限会社,愛媛県今治市朝倉上乙1104番地51,0898-48-5875,愛媛県,"['肥料化', '肥料化事業']",,"一般廃棄物, 産業廃棄物 / 食品リサイクラー",True,False,False,2.0,R11.12.23,,系列会社の（有）きたむら運送で回収させて頂いた食品廃棄物を『100%リサイクル』を目標に取り組んでいます。また「エコアクション21」の認証も取得し、グループ一丸となってエコ活動にも積極的に取り組んでいます。,https://syokuri.jp/top/wp-content/themes/zsr-1/img/logo-header.png,33.9695764,133.0334769
3534e292-a639-4d52-9098-9775c9f8251b,['registered'],{'registered': '3'},2026-01-06T23:31:49.716731,株式会社ダイキアクシス・サステイナブル・パワーエネルギーソリューション部 西日本事業所,株式会社ダイキアクシス・サステイナブル・パワー,愛媛県松山市北吉田町77番74,03-5825-4951,,['油脂製品化事業'],,,True,False,False,3.0,R9.11.30,,,,33.8390589,132.69488
bfcf6b7e-886a-44bb-831d-f94b332d1e2c,['syokuri'],{'syokuri': '452'},2026-01-06T23:31:49.724105,株式会社ロイヤルアイゼン,株式会社ロイヤルアイゼン,愛媛県松山市萩原乙２４－３,089-995-0181,愛媛県,['肥料化'],,食品リサイクラー,False,False,False,,,http://www.ca.pikara.ne.jp/royalaizen/,愛媛県松山市において、大手スーパーや学校給食、市場、など年間約3000tの食品廃棄物を受入れ完熟堆肥を生産。「大地の恵みは大地へ返す」を理念に、地元農家、大手スーパーと協議会を設立。堆肥を使った農産物の販売に寄与。,https://syokuri.jp/top/wp-content/themes/zsr-1/img/logo-header.png,33.9878738,132.8073349
074782f2-f0ef-475d-ad0c-bcd18cd0891d,['registered'],{'registered': '1'},2026-01-06T23:31:49.732272,株式会社ロイヤルアイゼン総合資源リサイクルセンター(食品リサイクル堆肥工場),株式会社ロイヤルアイゼン,愛媛県松山市萩原字ハスケ石乙23-1、乙24-2、乙24-3,089-924-8583,,['肥料化事業'],,"一般廃棄物, 産業廃棄物",True,False,False,1.0,R9.4.24,,,,33.9931354,132.817472
18653fa8-3fc6-4d91-8c48-0af68a802a2a,['registered'],{'registered': '26'},2026-01-06T23:31:49.739879,愛知化製事業協業組合 チキンポークミール工場,愛知化製事業協業組合,愛知県あま市西今宿平割四79番地,052-444-3366,,"['飼料化事業', '油脂化事業', '肥料化事業']",,"産業廃棄物, 有価物",True,False,False,26.0,R8.11.21,,,,35.2044163,136.8370426
bdeedbd4-5bb7-4c7b-a5a1-7f4aa19922c1,['certified'],{'certified': '28'},2026-01-06T23:31:49.747149,株式会社ディーアイディー尾 / 西営業所 / バイオマスリサイクルセン / ター,株式会社ディーアイディー,愛知県一宮市明地字井之内 34番1、34番2、35番,,,['肥料化'],,,False,True,False,28.0,,,食品関連事業者: ユニー株式会社 / 株式会社ファミリーマート / 収集先: 愛知県 ：一宮市、江南 / 市、稲沢市、豊山町、大 / 口町,,35.286028,136.7415025
2d9f830f-69da-4d3d-a917-56473453baf4,['registered'],{'registered': '29'},2026-01-06T23:31:49.754414,株式会社ディーアイディー 尾西営業所 バイオマスリサイクルセンター,株式会社ディーアイディー,愛知県一宮市明地字井之内34番1、34番2、35番、31番3、32番1、33番1、36番,0586-73-7840,,['肥料化事業'],,,True,False,False,29.0,R8.11.28,,,,35.286028,136.7415025
d66f745f-c1ed-477a-96c0-fb768d5a2e0f,['certified'],{'certified': '50'},2026-01-06T23:31:49.760949,ヒラテ産業有限会社 たい肥 / 舎,ヒラテ産業有限会社,愛知県刈谷市小垣江町 御茶屋下33番地10、6-8、6-,,,['肥料化'],,,False,True,False,50.0,,,食品関連事業者: ユニー株式会社 / 収集先: 愛知県 ：刈谷市、豊田 / 市、安城市、西尾市、蒲 / 郡市、知立市、岡崎市,,34.95891630000001,136.9883393
cb33ac09-1f06-4d2c-b2b8-01997ccaa059,['methane'],{'methane': '26'},2026-01-06T23:31:49.767289,鴨田エコパーク,北名古屋衛生組合（豊山町、師勝町、西春町）,愛知県北名古屋市九之坪五反地80番地,,愛知県,['湿式中温'],7.14,事業系生ごみ,False,False,True,,,,事業方式: 公設公営方式,,35.2312585,136.8792615
926c9b2d-aef2-4b71-b419-02eb93c394c8,['registered'],{'registered': '30'},2026-01-06T23:31:49.774492,ビオぐるファクトリーＨＡＮＤＡ,株式会社ビオクラシックス半田,愛知県半田市松堀町61番2、62番、63番1、70番5、179番1、306番,0569-27-8106,,['メタン化事業'],,"一般廃棄物, 産業廃棄物",True,False,False,30.0,R11.10.31,,,,34.89856109999999,136.8967743
b2259287-e36e-44a2-855a-9d12c6cc5bd9,['registered'],{'registered': '23'},2026-01-06T23:31:49.781286,株式会社エイゼン 里山工場,株式会社エイゼン,愛知県半田市鵜ノ池町104番8,0569-72-3764,,['肥料化事業'],,"一般廃棄物, 産業廃棄物, 有価物",True,False,False,23.0,R11.1.8,,,,34.907414,136.875599
e69ba8b3-0329-4d9e-aa4c-b41cc62902ef,['syokuri'],{'syokuri': '449'},2026-01-06T23:31:49.788170,株式会社小桝屋,株式会社小桝屋,愛知県名古屋市中川区山王4-7-21,052-322-5131,愛知県,['飼料化'],,食品リサイクラー,False,False,False,,,http://www.komasuya.com,東海地区の企業様からご依頼を頂き、地球に優しく安全性の高いリサイクル商品の生産を目指しています。食品未利用資源を発酵させ「液状飼料」として、また木質原料と混合発酵させ「肥料、緑化基盤材」として製造・販売しております。主に食品関連の原料を使用しておりますが、他に脱水汚泥（食品製造系メイン）、木質原料、事業系一般廃棄物、グリストラップも受け入れしております。一度ご相談ください。,https://syokuri.jp/top/wp-content/themes/zsr-1/img/logo-header.png,35.1470067,136.89228
0b473368-b9ff-4d4c-94b7-9833f9e4e30e,"['registered', 'certified']","{'registered': '17', 'certified': '57'}",2026-01-06T23:31:49.796007,,中部有機リサイクル株式会社,愛知県名古屋市守山区花咲台二丁目1102番地,052-725-9200,,"['飼料化事業', '飼料化']",,"一般廃棄物, 産業廃棄物",True,True,False,17.0,R12.2.16,,食品関連事業者: ユニー株式会社 / 株式会社ファミリーマート / 収集先: 愛知県 ：名古屋市、春 / 日井市、尾張旭市、瀬戸 / 市、長久手市 / 食品関連事業者: ワタミ株式会社 / 株式会社セブン＆アイ・フードシ / ステムズ / 株式会社トリドールホールディン / グス / 株式会社松屋フーズ / リンガーハットジャパン株式会社 / 収集先: 愛知県：名古屋市 / 食品関連事業者: 株式会社スーパーホテル / 収集先: 愛知県：名古屋市 / 食品関連事業者: メ―キュー株式会社 / ナゴヤフード株式会社_ / 収集先: 愛知県：名古屋市,,35.2342673,137.0114123
44df80a8-c2e9-4650-8a28-ea4d6fbc4192,['certified'],{'certified': '54'},2026-01-06T23:31:49.802696,名古屋エコフィードセンター,中部有機リサイクル株式会社,愛知県名古屋足守山区花咲 台2-1102,,,['飼料化'],,,False,True,False,54.0,,,食品関連事業者: 株式会社コメダ / 収集先: 愛知県：名古屋市、春日 / 井市,,35.2342673,137.0114123
4808dbec-6994-4b1f-be4a-84191c4832a5,['methane'],{'methane': '27'},2026-01-06T23:31:49.808784,横根バイオガス発電施設,オオブユニティ（株）,愛知県大府市横根町惣作236-1,,愛知県,['湿式中温'],70.0,"家庭系生ごみ, 事業系生ごみ",False,False,True,,,,事業方式: 民設民営方式,,35.0129621,136.9872287
155aa3cb-55f7-40da-9dec-9d09a11808fe,['registered'],{'registered': '27'},2026-01-06T23:31:49.815046,オオブユニティ株式会社 リサイクルプラント横根工場,オオブユニティ株式会社,愛知県大府市横根町惣作236番1、240番1、240番6、243番1,0562-47-0535,,['メタン化事業'],,"一般廃棄物, 産業廃棄物",True,False,False,27.0,R11.9.1,,,,35.0127343,136.9870518
9285b076-be16-4c8e-8095-b7b29c39d8b7,['registered'],{'registered': '31'},2026-01-06T23:31:49.821585,株式会社バイオス小牧 小牧工場,株式会社バイオス小牧,愛知県小牧市大字下末字野本３９８番,0568-48-2208,,"['メタン化事業', '肥料化事業']",,"一般廃棄物, 産業廃棄物",True,False,False,31.0,R12.1.20,,,,35.2860097,136.9550108
2b357b58-a746-4441-860c-97614c1a1c47,['syokuri'],{'syokuri': '829'},2026-01-06T23:31:49.827728,有限会社新實商店,有限会社新實商店,愛知県岡崎市矢作町字高縄手1,0564-31-4971,愛知県,[],,収集運搬業他,False,False,False,,,,,https://syokuri.jp/top/wp-content/themes/zsr-1/img/logo-header.png,34.9586006,137.1406063
1b60a393-4538-4628-9d65-7071fb13ab39,['registered'],{'registered': '4'},2026-01-06T23:31:49.836394,有限会社フジ商事 江南工場,有限会社フジ商事,愛知県江南市高屋町西里12番地、15番地、16番地、18番地、19番地、23番地,0587-54-4729,,"['飼料化事業', '油脂化事業']",,"産業廃棄物, 有価物",True,False,False,4.0,R12.4.14,,,,35.3529828,136.8737883
406eb773-f30e-4c81-9d9f-7f3c9e0b36b4,['certified'],{'certified': '51'},2026-01-06T23:31:49.843839,有限会社フジ商事 江南工 / 場,有限会社フジ商事,愛知県江南市高屋町西里２ ３番地,,,['飼料化'],,,False,True,False,51.0,,,食品関連事業者: 山崎製パン株式会社 / 収集先: 愛知県：名古屋市,,35.352976,136.8743469
188a98a3-112e-4ce8-9c02-94f570813399,['registered'],{'registered': '25'},2026-01-06T23:31:49.850167,株式会社小桝屋 飛島ＦＲセンター,株式会社小桝屋,愛知県海部郡飛島村木場2丁目80番,052-322-5131,,['飼料化事業'],,"一般廃棄物, 産業廃棄物",True,False,False,25.0,R12.7.9,,,,35.05414150000001,136.8221417
83cb98e7-70a5-4163-b006-58277739d8b7,['syokuri'],{'syokuri': '476'},2026-01-06T23:31:49.856622,株式会社ワールド・クリーン,株式会社ワールド・クリーン,愛知県海部郡飛島村金岡54,0567-57-0533,愛知県,"['肥料化', '飼料化']",,食品リサイクラー,False,False,False,,,http://www.worldclean.co.jp/,,https://syokuri.jp/top/wp-content/themes/zsr-1/img/logo-header.png,35.0641295,136.8237999
2d2077f0-d18f-4f7a-b892-59f4f921822c,['syokuri'],{'syokuri': '473'},2026-01-06T23:31:49.862919,株式会社オガワ農材,株式会社オガワ農材,愛知県田原市小中町山二新田2番13,0531-32-3572,愛知県,['肥料化'],,食品リサイクラー,False,False,False,,,http://www.ogawa-nouzai.com/,,https://syokuri.jp/top/wp-content/themes/zsr-1/img/logo-header.png,34.6491054,137.086398
7645161a-b997-4929-9c8d-a3730bc7714c,['syokuri'],{'syokuri': '474'},2026-01-06T23:31:49.869249,有限会社 環境テクシス,有限会社 環境テクシス,愛知県豊川市白鳥町山桃５-１,0533-87-5512,愛知県,"['肥料化', '飼料化']",,食品リサイクラー,False,False,False,,,https://eco-techsys.com/,,https://syokuri.jp/top/wp-content/themes/zsr-1/img/logo-header.png,34.8245024,137.3426296
d1311195-cf3c-4679-add7-e153d29c4d42,['registered'],{'registered': '8'},2026-01-06T23:31:49.877984,有限会社金子あらや商店 本社工場,有限会社金子あらや商店,愛知県豊橋市大岩町字大穴98番5,0532-41-0973,,"['飼料化事業', '肥料化事業']",,"産業廃棄物, 有価物",True,False,False,8.0,R9.3.5,,,,34.7161619,137.4350399
17781e63-95d1-4334-8094-b08a7dc36ac6,['registered'],{'registered': '1'},2026-01-06T23:31:49.887708,有限会社タナカ興業 東細谷工場,有限会社タナカ興業,愛知県豊橋市東細谷町字東中田28番370、371、373,0532-41-8989,,['肥料化事業'],,産業廃棄物,True,False,False,1.0,R9.3.14,,,,34.6902756,137.4839338
d2966680-b764-423e-9ae6-6b127f3cae10,['registered'],{'registered': '3'},2026-01-06T23:31:49.895022,有限会社花丘商事 肥料化工場,有限会社花丘商事,愛知県豊田市花丘町1丁目43番、1丁目44番2,0565-31-0276,,['肥料化事業'],,産業廃棄物,True,False,False,3.0,R11.12.19,,,,35.1109541,137.1363134
9a30f42f-3391-44fe-9aa3-3b7b47ca85ac,['registered'],{'registered': '20'},2026-01-06T23:31:49.902221,有限会社エコロファーム 長久手工場,有限会社エコロファーム,愛知県長久手市岩作大根23番地の1,0561-62-0728,,['飼料化事業'],,産業廃棄物,True,False,False,20.0,R9.8.15,,,,35.1803427,137.0617912
a7d759e4-8d40-4d04-b3e5-0a1182d04c87,['methane'],{'methane': '18'},2026-01-06T23:31:49.909955,バイオマス変換施設,上越バイオマス循環事業協同組合,新潟県上越市頸城区下三分一1番地25,,新潟県,['湿式高温'],48.0,"家庭系生ごみ, 事業系生ごみ",False,False,True,,,,事業方式: 公設公営方式,,37.175137,138.2905416
5cb67e7b-73a5-4cef-8e37-543909d0c9a9,['certified'],{'certified': '20'},2026-01-06T23:31:49.917361,津南町農業協同組合 / 地力増進施設（有機セン / ター）,津南町農業協同組合,新潟県中魚沼郡津南町 大字赤沢10445番地2,,,['肥料化'],,,False,True,False,20.0,,,食品関連事業者: 株式会社原信 / 株式会社ピーコック / 株式会社新印カネシン / 津南町森林組合 / 有限会社村山物産 / 収集先: 新潟県 ：新潟市、長岡 / 市、小千谷市、十日町 / 市、見附市、魚沼市、南 / 魚沼市、胎内市、津南町,,36.9932904,138.6592512
149b152a-f85a-462a-8d4b-6c0bb457f243,['syokuri'],{'syokuri': '443'},2026-01-06T23:31:49.924612,株式会社不二産業,株式会社不二産業,新潟県新潟市東区津島屋三丁目208番地,025-271-3838,新潟県,['肥料化'],,食品リサイクラー,False,False,False,,,https://www.environment-technology.co.jp/,弊社の食品リサイクル事業部は、一般・産廃の食品循環資源を有機堆肥にリサイクルしております。新潟市にある園芸地帯の農家の方々と「有機資源利用友の会」を形成し、健康野菜の生産と流通を通して、食品リサイクルループの構築を行っております。,https://syokuri.jp/top/wp-content/themes/zsr-1/img/logo-header.png,37.9403587,139.1299316
e0881b06-d2f5-4b16-8821-46c766bd7a0c,['methane'],{'methane': '19'},2026-01-06T23:31:49.932992,新潟市舞平清掃センター,新潟市,新潟県新潟市江南区平賀161-1,,新潟県,['湿式高温'],4.65,事業系生ごみ,False,False,True,,,,事業方式: 公設公営方式,,37.8460979,139.0428255
4dcbde42-c035-437e-9f8b-80b5ea5f71a8,"['registered', 'certified']","{'registered': '4', 'certified': '16'}",2026-01-06T23:31:49.941188,株式会社不二産業 食品リサイクル事業部,株式会社不二産業,新潟県新潟市西区内野上新町12823、12824、12982、12983、12984、12985、12986、12987、12988-1、13064-48、13065,025-261-5351,,"['肥料化事業', '飼料化']",,"一般廃棄物, 産業廃棄物",True,True,False,4.0,R9.3.8,,食品関連事業者: ユニー株式会社 / 収集先: 新潟県 ：新潟市,,37.8535647,138.9028507
6b3e359b-277c-4ea8-b50e-e2d3ed4a244b,['certified'],{'certified': '44'},2026-01-06T23:31:49.950537,株式会社不二産業 / 食品リサイクル事業部工場,株式会社不二産業,新潟県新潟市西区内野上新 町12823番 外,,,['肥料化'],,,False,True,False,44.0,,,食品関連事業者: ワタミ株式会社 / 株式会社松屋フーズ / 収集先: 新潟県：新潟市,,37.8535647,138.9028507
93c2534f-f91c-44c3-bc0d-bc30ffadc14f,['methane'],{'methane': '21'},2026-01-06T23:31:49.957576,瀬波バイオマスエネルギーセンター,株式会社開成,新潟県村上市瀬波温泉1-1175,,新潟県,['乾式高温'],4.9,事業系生ごみ,False,False,True,,,,事業方式: 民設民営方式,,38.2235699,139.4443019
ab298777-a5a6-4c70-afc8-42d9c3854895,['certified'],{'certified': '19'},2026-01-06T23:31:49.964971,株式会社開成 瀬波バイオマ / スエネルギープラント,株式会社開成,新潟県村上市瀬波温泉1－ 1175－113,,,['肥料化'],,,False,True,False,19.0,,,食品関連事業者: 株式会社大観荘 / 林国義（大清荘） / 収集先: 新潟県 ：村上市、三条 / 市,,38.2235699,139.4443019
71fd1eaf-3d7c-4c19-800e-86356f32903e,['methane'],{'methane': '20'},2026-01-06T23:31:49.973637,阿賀町汚泥再生センター,阿賀町,新潟県東蒲原郡阿賀町西374,,新潟県,['湿式中温'],3.3,事業系生ごみ,False,False,True,,,,事業方式: 公設公営方式,,37.6844091,139.4372941
12330e33-9b95-442f-9e4e-8582049d8c5b,['certified'],{'certified': '59'},2026-01-06T23:31:49.982032,株式会社柏崎エコクリエイ / ティブ 夏渡工場,株式会社柏崎エコクリエイティ / ブ,新潟県柏崎市大字東長鳥字 大林乙2910番地17,,,['肥料化'],,,False,True,False,17.0,,,食品関連事業者: 株式会社ウオロク / 株式会社たかの / 寺泊中央水産株式会社 / 山六水産株式会社 / 株式会社中央開発 / 株式会社寺泊浜焼センター / 株式会社雅裳苑 / 有限会社外長商店 / 株式会社百萬粒 / 有限会社萩野商店 / 有限会社うなぎの井口 / 収集先: 新潟県 ：柏崎市、長岡 / 市、小千谷市、弥彦村 / 静岡県 ：浜松市 / 食品関連事業者: 株式会社マルイ / 株式会社たかの / 原酒造株式会社 / えちご中越農業協同組合 / 株式会社ビップ / 株式会社ニッカイ米山 / 収集先: 新潟県 ：長岡市、柏崎 / 市、小千谷市 / 食品関連事業者: 株式会社原信 / 株式会社ウオロク / 株式会社スポット / イオンリテール株式会社 / 株式会社リオン・ドールコーポ / レーション / 株式会社丸魚魚沼水産 / ハフマンフーズ株式会社 / 魚沼漁業協同組合 / 有限会社小島鮮魚 / 十日町農業協同組合 / 株式会社ジェイエイサービス柏崎 / 原酒造株式会社 / 収集先: 新潟県 ：長岡市、小千 / 谷市、魚沼市、南魚沼 / 市、十日町市,,37.3808037,138.6995411
1663847c-ea76-4a58-9af0-42f3962bae0b,['registered'],{'registered': '5'},2026-01-06T23:31:49.988878,株式会社ホーネンアグリ 越路原工場,株式会社ホーネンアグリ,新潟県長岡市不動沢字原畑1744番,0258-92-3890,,['肥料化事業'],,,True,False,False,5.0,R11.3.5,,,,37.3643553,138.7519193
b29ca141-6ce6-4f31-a5b3-f6d9b19a5f28,['methane'],{'methane': '22'},2026-01-06T23:31:49.993265,長岡市生ごみバイオガス発電センター,(株)長岡バイオキューブ,新潟県長岡市寿3丁目6番1 号,,新潟県,['湿式中温'],65.0,"家庭系生ごみ, 事業系生ごみ",False,False,True,,,,事業方式: PFI事業（BTO方式）,,37.4849961,138.8549181
d5867013-f0a0-49f8-9801-449776747f51,['syokuri'],{'syokuri': '470'},2026-01-06T23:31:49.997718,株式会社ホーネンアグリ,株式会社ホーネンアグリ,新潟県長岡市飯塚1986,0258-92-3890,新潟県,['肥料化'],,食品リサイクラー,False,False,False,,,http://www.honenagri.com/,弊社は、培養土メーカーとして、農業用、家庭園芸用、造園用の培養土や土壌改良材を製造、販売しています。食品残さや、食品工場から排出される脱水ケーキ（汚泥）を、培養土原料としてリサイクルしています。,https://syokuri.jp/top/wp-content/themes/zsr-1/img/logo-header.png,37.385751,138.7528218
7aab62ae-f0ed-45d0-8f1b-bc64e83985f0,['syokuri'],{'syokuri': '612'},2026-01-06T23:31:50.003372,株式会社オルタナフィ－ド,株式会社オルタナフィ－ド,東京都中央区新川一丁目3番21号 BIZSMART茅場町305,03-6868-4159,東京都,[],,コンサルタント / その他,False,False,False,,,http://www.alternafeed.com/,畜産業の使命は、草食動物にしても雑食動物にしても、食料として利用できないもの、あるいは有効にできにくいものを利用して、畜産物（つまり人間にとって必要な良質なたんぱく源）を生産することと考えます。私たちは、既存のものに取ってかわる新しい（オルタナティブな）飼料原料を開拓し、畜産農家へ橋渡しする会社です。日本各地の、食品工場から畜産農家へ、リキッド、モイスト、ドライ状の各種副産物飼料を流通しています。,https://syokuri.jp/top/wp-content/themes/zsr-1/img/logo-header.png,35.6777114,139.7805091
b0b09707-aab9-44b4-be1a-5bb15fbfb476,['registered'],{'registered': '15'},2026-01-06T23:31:50.008982,八王子バイオマス・エコセンター,イズミ環境株式会社,東京都八王子市南大沢三丁目24番地,042-682-4070,,['肥料化事業'],,"一般廃棄物, 産業廃棄物",True,False,False,15.0,R9.2.9,,,,35.6028082,139.3874847
101de201-05bb-4b1c-931a-7434bb37ed29,['registered'],{'registered': '7'},2026-01-06T23:31:50.016218,ＩＧＡＲＡＳＨＩ資源リサイクルセンター,株式会社五十嵐商会,東京都北区浮間四丁目21番7号,03-3922-7547,,"['飼料化事業', '肥料化事業']",,"一般廃棄物, 有価物",True,False,False,7.0,R11.7.7,,,,35.7869104,139.6929123
87984161-10a6-47d8-aa36-ac619aaaedb7,['syokuri'],{'syokuri': '692'},2026-01-06T23:31:50.022040,株式会社サタケ,株式会社サタケ,東京都千代田区外神田4-7-2,03-3253-3156,東京都,[],,その他,False,False,False,,,,,https://syokuri.jp/top/wp-content/themes/zsr-1/img/logo-header.png,35.7025256,139.772005
5aa396e6-3eb6-4b35-8582-234f12b8aa13,['syokuri'],{'syokuri': '685'},2026-01-06T23:31:50.028064,A-Tech株式会社,A-Tech株式会社,東京都千代田区麹町2-2 ｵ-ｾﾝﾃｨｯｸ半蔵門5階,03-6261-0147,東京都,[],,プラントメーカー,False,False,False,,,,,https://syokuri.jp/top/wp-content/themes/zsr-1/img/logo-header.png,35.6846894,139.7409968
f8c6f950-3576-40d1-a94d-8747a8e9a93e,['syokuri'],{'syokuri': '1192'},2026-01-06T23:31:50.033343,株式会社クオーレ,株式会社クオーレ,東京都品川区東品川1-2-5-5F,03-6456-3571,東京都,[],,その他,False,False,False,,,https://cuore-group.com/,整理業（遺品整理・生前整理・不用品回収）とリユース業を中心に関東・東海・関西エリアで事業展開をしています。現在は廃棄物をいかに減らしてゴミのない循環型社会の実現を目指して、自社で有しているリサイクル・リユース・リノベーションの３Rに加えて、新しいことにも取り組んでおります。,https://syokuri.jp/top/wp-content/themes/zsr-1/img/logo-header.png,35.6227304,139.7447684
2a2d2774-ecd1-4d64-9b36-84b158948afd,['registered'],{'registered': '2'},2026-01-06T23:31:50.038598,株式会社アズマ油脂 本社工場,株式会社アズマ油脂,東京都墨田区東墨田2丁目17番16号,03-3617-5057,,['油脂化事業'],,産業廃棄物,True,False,False,2.0,R12.1.27,,,,35.7226402,139.8333771
59735e24-36eb-4b9a-be1a-9fcb4619a00e,['registered'],{'registered': '10'},2026-01-06T23:31:50.043895,平和飼糧株式会社 墨田工場,平和飼糧株式会社,東京都墨田区東墨田二丁目2番10号,03-3617-2277,,['油脂化事業'],,"産業廃棄物, 有価物",True,False,False,10.0,R8.10.27,,,,35.7187465,139.8312461
410a2320-2e58-435e-8676-949fdef3a714,['registered'],{'registered': '4'},2026-01-06T23:31:50.049064,株式会社山正 東墨田工場,株式会社山正,東京都墨田区東墨田二丁目4番6号,03-5630-3217,,['油脂化事業'],,産業廃棄物,True,False,False,4.0,R7.11.27,,,,35.7197593,139.8321105
b42fa940-06be-4802-81eb-e1a1e585c5a3,['certified'],{'certified': '53'},2026-01-06T23:31:50.054180,株式会社アルフォ城南島第２ / 飼料化センター,株式会社アルフォ,東京都大田区城南島3-2-10,,,['飼料化'],,,False,True,False,53.0,,,食品関連事業者: マックスバリュ関東株式会社 / 収集先: 東京都：大田区,,35.5775986,139.7803015
52ebfa87-5be2-45d8-92b5-23ba565cddcf,"['registered', 'certified']","{'registered': '6', 'certified': '11'}",2026-01-06T23:31:50.059440,株式会社アルフォ 城南島飼料化センター,株式会社アルフォ,東京都大田区城南島3-3-2,03-5157-2300,,"['飼料化事業', '飼料化']",,"一般廃棄物, 産業廃棄物",True,True,False,6.0,R8.3.30,,食品関連事業者: エームサービス株式会社 / 収集先: 東京都 ：港区、板橋区、 / 中央区 / 神奈川県：川崎市,,35.579294,139.7805643
1520c842-4542-403e-af86-ace1a2da71ef,['registered'],{'registered': '14'},2026-01-06T23:31:50.064598,株式会社アルフォ 城南島第２飼料化センター,株式会社アルフォ,東京都大田区城南島三丁目2番10号,03-5157-2300,,"['メタン化事業', '飼料化事業']",,"一般廃棄物, 産業廃棄物",True,False,False,14.0,R11.5.13,,,,35.5775986,139.7803015
3a0f0af2-c356-4c42-bfa0-74d8521796ee,['registered'],{'registered': '5'},2026-01-06T23:31:50.069191,バイオエナジー株式会社 城南島食品リサイクル施設,バイオエナジー株式会社,東京都大田区城南島三丁目4番4号,03-5540-4225,,['メタン化事業'],,"一般廃棄物, 産業廃棄物",True,False,False,5.0,R8.3.9,,,,35.5782924,139.7800512
8ba5b710-7b60-4045-988f-67a9fb5a8396,['registered'],{'registered': '9'},2026-01-06T23:31:50.074162,株式会社京葉興業 新砂事業所 廃水処理プラント,株式会社京葉興業,東京都江東区新砂3-11-13､15,03-3678-0111,,['メタン化事業'],,産業廃棄物,True,False,False,9.0,R7.11.7,,,,35.6597337,139.8301224
1e069251-510b-415c-bcb3-9fc13b23732c,"['registered', 'certified']","{'registered': '16', 'certified': '48'}",2026-01-06T23:31:50.079626,株式会社西東京リサイクルセンター 本社工場,株式会社西東京リサイクルセンター,東京都羽村市緑ヶ丘三丁目3番3,042-533-6640,,"['メタン化事業', '肥料化']",,"一般廃棄物, 産業廃棄物",True,True,False,16.0,R9.8.25,,食品関連事業者: 株式会社ヤオコー / 収集先: 東京都：青梅市、八王子 / 市,,35.7748711,139.3231077
a9d42099-0a48-414c-8fc3-f178081a0105,['registered'],{'registered': '2'},2026-01-06T23:31:50.084490,株式会社吉川油脂 本社工場,株式会社吉川油脂,栃木県佐野市飛駒町3864-3、3870-1、3870-3、3871-3、3872、3876、8626-1、3857-1、3861、3862-1、3862-2、3863-1、3863-2、3863-3、3864-1,0283-66-2233,,['油脂化事業'],,"産業廃棄物, 有価物",True,False,False,2.0,R10.4.30,,,,36.482487,139.4567691
bf360e16-aac0-467c-b20c-b26a1f2abcfe,['syokuri'],{'syokuri': '680'},2026-01-06T23:31:50.090326,宇都宮文化センター株式会社,宇都宮文化センター株式会社,栃木県宇都宮市江曽島町2070,028-633-6171,栃木県,[],,収集運搬業他,False,False,False,,,https://ubc-net.jp/,昭和39年、一般廃棄物の収集運搬・清掃業として創業しました。 創立以来、一貫して「快適な生活環境の保全」をスローガンとし清 掃・メンテナンスを中心に、これらを総合的に提案・活動し、現在 食品リサイクルや廃棄物のリサイクルにも積極的に取り組んでおり ます。 今後も変化の激し時代に合わせた新たなサービスを創造し、将来世 代に継承できる、健全で豊かな環境作りに全力を尽くしてまいりま す。,https://syokuri.jp/top/wp-content/themes/zsr-1/img/logo-header.png,36.5412836,139.8865338
6320538a-2097-41ba-8a5a-2031d8ce2638,['registered'],{'registered': '1'},2026-01-06T23:31:50.095594,日本アグリ株式会社 宇都宮工場,日本アグリ株式会社,栃木県宇都宮市芦沼町字六ツ塚下3378番1、3378番2、3378番3、3378番4、3378番5、3378番6,028-650-5259,,['肥料化事業'],,産業廃棄物,True,False,False,1.0,R9.3.14,,,,36.6748061,139.9418164
d16f72e7-6379-4a54-9bc9-9fe5720441ec,['registered'],{'registered': '7'},2026-01-06T23:31:50.100392,ドンカメ堆肥センター,有限会社ドンカメ,栃木県芳賀郡芳賀町大字稲毛田字九反歩2066-3,028-677-2284,,['肥料化事業'],,"一般廃棄物, 産業廃棄物",True,False,False,7.0,R7.9.16,,,,36.5633291,140.0778262
2c5c5af9-f5ca-4ccb-8d50-95aaa0eb655b,['methane'],{'methane': '15'},2026-01-06T23:31:50.108342,栃木県酪農試験場バイオガスプラント,栃木県,栃木県那須塩原市千本松298,,栃木県,['湿式中温'],5.5,事業系生ごみ,False,False,True,,,,事業方式: 公設公営方式,,36.9228873,139.9442236
83140d2a-452f-4e6e-b367-15c3b51d53a0,['syokuri'],{'syokuri': '789'},2026-01-06T23:31:50.116154,有限会社岡本製作所,有限会社岡本製作所,栃木県那須塩原市新南992-60,0287-36-4663,栃木県,[],,プラントメーカー,False,False,False,,,http://www.252.co.jp,,https://syokuri.jp/top/wp-content/themes/zsr-1/img/logo-header.png,36.8894711,139.9982405
3d9423d2-0ed0-472a-b456-b4ff380792ae,['registered'],{'registered': '4'},2026-01-06T23:31:50.121242,有限会社沖縄化製工業 エコ・フィード施設,有限会社沖縄化製工業,沖縄県南城市大里字大城1931番,098－945ｰ6516,,['飼料化事業'],,"一般廃棄物, 産業廃棄物",True,False,False,4.0,R11.5.6,,,,26.1697968,127.7531167
db6ef662-1ebe-4957-bf4b-38dca2e9e517,['certified'],{'certified': '40'},2026-01-06T23:31:50.125153,農業生産法人有限会社あら / ぐさ本社工場,農業生産法人有限会社あらぐ / さ,沖縄県島尻郡八重瀬町字宜 次218番地１,,,['肥料化'],,,False,True,False,40.0,,,食品関連事業者: 生活協同組合コープおきなわ / 収集先: 沖縄県 ：那覇市、浦添 / 市、沖縄市、名護市、西 / 原町,,26.1689874,127.7087752
ef345f2c-d140-4526-85f6-b8eb0dcfddcc,['registered'],{'registered': '3'},2026-01-06T23:31:50.128786,街クリーン株式会社 糸満堆肥工場,街クリーン株式会社,沖縄県糸満市山城阪当原389番,098－948ｰ7006,,['肥料化事業'],,"一般廃棄物, 産業廃棄物",True,False,False,3.0,R11.3.28,,,,26.0839737,127.6852172
7b58e250-5984-45f1-a4de-5df188347e49,['registered'],{'registered': '4'},2026-01-06T23:31:50.132918,伊香立コンポストセンター,株式会社日映志賀,滋賀県大津市伊香立北在地町515 番地,077-598-3611,,['肥料化事業'],,一般廃棄物,True,False,False,4.0,R10.7.31,,,,35.1500612,135.8715482
b551318d-0c28-4099-a73f-fe98d73df131,['registered'],{'registered': '1'},2026-01-06T23:31:50.137268,株式会社水口テクノス リサイクルセンター,株式会社水口テクノス,滋賀県甲賀市水口町松尾362-28,0748-62-1959,,['肥料化事業'],,一般廃棄物,True,False,False,1.0,R7.11.27,,,,34.9872124,136.1873128
10cd54e8-dd30-4c03-b2d5-253b78766509,['methane'],{'methane': '28'},2026-01-06T23:31:50.141079,甲賀広域行政組合衛生センター,"甲賀広域行政組合（湖南市,、甲賀市）",滋賀県甲賀市水口町水口6458,,滋賀県,['湿式中温'],12.4,事業系生ごみ,False,False,True,,,,事業方式: 公設公営方式,,34.9586227,136.1722705
5aac6cd8-2d90-4650-a7b8-0f5ecbf26c09,['syokuri'],{'syokuri': '695'},2026-01-06T23:31:50.144817,ヤンマーホールディングス株式会社,ヤンマーホールディングス株式会社,滋賀県米原市梅ヶ原2481番地,0749-52-8410,滋賀県,[],,プラントメーカー,False,False,False,,,,「食品リサイクルで持続可能な社会へ」ヤンマーはブランドステートメント「A SUSTAINABLE FUTURE」を掲げ、テクノロジーを通じて、人と自然が共生する持続可能な社会の実現を目指しています。 ヤンマーから食品廃棄物を有効活用するご提案です。現在、100㎏/日幾のモニター機販売を開始しております。本連合会正会員の皆様と共に資源循環サイクルモデルを構築してまいります。 概要は下記のパンフレット画像をご覧ください。,https://syokuri.jp/top/wp-content/themes/zsr-1/img/logo-header.png,35.3064732,136.287794
79463497-5412-4340-85f1-3cfc7967f8b1,['syokuri'],{'syokuri': '730'},2026-01-06T23:31:50.148802,有限会社 蔵尾ポ－ク,有限会社 蔵尾ポ－ク,滋賀県蒲生郡日野町松尾3-23-5,0748-52-66700,滋賀県,['飼料化'],,食品リサイクラー,False,False,False,,,,,https://syokuri.jp/top/wp-content/themes/zsr-1/img/logo-header.png,35.0192693,136.2423451
75c8c915-b638-429b-9411-5fdb95f90ce3,['registered'],{'registered': '3'},2026-01-06T23:31:50.153598,株式会社日野ドリームファーム 本社工場,株式会社日野ドリームファーム,滋賀県蒲生郡日野町西大路2658番地1,0748-53-8981,,"['飼料化事業', '肥料化事業']",,"一般廃棄物, 産業廃棄物",True,False,False,3.0,R8.10.18,,,,35.0014519,136.269475
93e28d78-db6e-4440-985d-d9628f670dba,['methane'],{'methane': '40'},2026-01-06T23:31:50.158563,山鹿市バイオマスセンター,山鹿市,熊本県山鹿市鹿本町高橋690,,熊本県,['湿式中温'],67.8,事業系生ごみ,False,False,True,,,,事業方式: 公設公営方式,,33.00652609999999,130.7599548
91993b4a-28bf-4855-a53d-a8e935c03914,['syokuri'],{'syokuri': '1260'},2026-01-06T23:31:50.163411,株式会社 永野商店,株式会社 永野商店,熊本県熊本市北区室園町10-22,096-343-4970,熊本県,"['肥料化', 'メタン化']",,食品リサイクラー / 収集運搬業他,False,False,False,,,https://www.eco-nagano.jp/,永野商店は企業として社会的責任を強く認識し、私たちが持つ環境技術を向上させ、持続可能な循環型社会の構築に貢献します。 弊社では廃棄物を自社で収集・運搬、選別・破砕などの中間処理を通し、資源化リサイクルすることで環境にやさしくロスの少ない資源の再利用を推進しています。 また関連会社である「エヌエナジー」と連動した”バイオガス発電”と廃プラスチック類の”固形燃料化(RPF)”で次世代につながる「脱炭素社会形成」の一助を担い、「資源の100％再利用」を目指しています。,https://syokuri.jp/top/wp-content/themes/zsr-1/img/logo-header.png,32.8240502,130.722797
8a98004b-f65a-497b-863c-de2251258043,['methane'],{'methane': '24'},2026-01-06T23:31:50.168504,珠洲市バイオマスメタン発酵施設,珠洲市,石川県珠洲市熊谷町,,石川県,['湿式中温'],51.5,事業系生ごみ,False,False,True,,,,事業方式: 公設公営方式,,37.4510374,137.2821228
1cfdbe8d-2791-498f-8b03-248a2c82edf2,"['registered', 'certified']","{'registered': '1', 'certified': '21'}",2026-01-06T23:31:50.172445,株式会社トスマク・アイ 松任リサイクル工場,株式会社トスマク・アイ,石川県白山市上小川町800番地1,076-277-4980,,"['肥料化', '肥料化事業']",,"一般廃棄物, 産業廃棄物",True,True,False,1.0,R12.3.2,,食品関連事業者: ユニー株式会社 / 収集先: 石川県 ：金沢市、白山 / 市,,36.5189384,136.5170082
65e74dcb-31ff-40fb-9a81-4c0be486afaa,['registered'],{'registered': '5'},2026-01-06T23:31:50.177727,株式会社二見 小田原東リサイクルセンター,株式会社二見,神奈川県小田原市東町5丁目2番61号,0465-23-3125,,['肥料化事業'],,"一般廃棄物, 産業廃棄物",True,False,False,5.0,R8.11.15,,,,35.26323259999999,139.1762498
9aa9d635-fbe6-4689-9294-081bb2d6a953,['certified'],{'certified': '12'},2026-01-06T23:31:50.182664,武松商事株式会社新磯子リ / サイクル工場,武松商事株式会社,神奈川県横浜市磯子区新磯 子町10番4、10番5,,,['飼料化'],,,False,True,False,12.0,,,食品関連事業者: ユニー株式会社 / 株式会社ファミリーマート / 収集先: 神奈川県：横浜市,,35.4073014,139.6277961
1bbe9ea2-9d4d-434f-9703-73b5c4ccaa48,['syokuri'],{'syokuri': '688'},2026-01-06T23:31:50.186096,辻村商事株式会社,辻村商事株式会社,神奈川県横浜市西区岡野1-18-6,045-311-6735,神奈川県,[],,収集運搬業他,False,False,False,,,,,https://syokuri.jp/top/wp-content/themes/zsr-1/img/logo-header.png,35.4630941,139.6140238
63095f47-eb56-4d88-b9ae-0e7c09c0ac06,['syokuri'],{'syokuri': '687'},2026-01-06T23:31:50.189598,SINKPIA・JAPAN株式会社,SINKPIA・JAPAN株式会社,神奈川県横浜市都筑区北山田3-5-26,045-590-3626,神奈川県,[],,プラントメーカー,False,False,False,,,http://www.sinkpia-j.co.jp,"『運ばず・燃やさず・その場で処理』微生物の力で、 生ごみを水分とCO2に生分解する生ごみ処理機です。 生ごみ処理機専用の微生物が微生物担体に高密度に生息し、 処理槽内で活動。適宜攪拌されることで生分解効率が向上し、装置 小型化・室内設置を実現しました。 生ごみをその場で処理ができるのでCO2削減にも大きく貢献でき ます。 製品ラインナップは、業務用20kg – 1,000kg強タイプをご用意してます。詳細はWebサイトを ご覧ください。",https://syokuri.jp/top/wp-content/themes/zsr-1/img/logo-header.png,35.5614664,139.5895852
5597001b-e4ae-4349-8336-505dbf8ac050,['certified'],{'certified': '42'},2026-01-06T23:31:50.193345,三友プラントサービス株式会 / 社横浜工場乳酸菌発酵飼料 / 化施設,三友プラントサービス株式会社,神奈川県横浜市金沢区幸浦 2-5-7,,,['飼料化'],,,False,True,False,42.0,,,食品関連事業者: 株式会社セブン＆アイ・フードシ / ステムズ / 収集先: 神奈川県：横浜市、川崎 / 市、相模原市、座間市、 / 大和市、海老名市、茅ヶ / 崎市、藤沢市、鎌倉市、 / 横須賀市、平塚市、小田 / 原市、南足柄市、秦野 / 市、厚木市、中郡二宮 / 町、足柄上郡大井町,,35.3649036,139.6488655
1c5b3212-5072-4951-aaf1-b113df93dbae,['certified'],{'certified': '13'},2026-01-06T23:31:50.199118,三友プラントサービス株式会 / 社 / 横浜工場乳酸発酵飼料化施 / 設 / 三友プラントサービス株式会 / 社 / 東金工場乳酸発酵飼料化施 / 設,三友プラントサービス株式会社,神奈川県横浜市金沢区幸浦 2－5－7 千葉県東金市滝沢631-1,,,['飼料化'],,,False,True,False,13.0,,,食品関連事業者: スターバックスコーヒージャパン / 株式会社 / 東金元気づくり株式会社 / 収集先: 千葉県 ：佐倉市、八千 / 代市、千葉市中央区、 / 千葉市緑区、千葉市美 / 浜区、千葉市若葉区、東 / 金市、松戸市、柏市、習 / 志野市、船橋市、鎌ケ谷 / 市 / 東京都 ：中央区、中野 / 区、北区、千代田区、台 / 東区、品川区、墨田区、 / 大田区、文京区、新宿 / 区、杉並区、板橋区、江 / 戸川区、江東区、渋谷 / 区、港区、目黒 / 区、練馬区、荒川区、葛 / 飾区、豊島区、足立区,,35.3649036,139.6488655
4d32740b-d7f2-4894-ab5a-21c07b6c34bc,['registered'],{'registered': '12'},2026-01-06T23:31:50.204497,株式会社Ｊバイオフードリサイクル 横浜工場,株式会社Ｊバイオフードリサイクル,神奈川県横浜市鶴見区末広町2丁目1番5号,045-505-7845,,['メタン化事業'],,"一般廃棄物, 産業廃棄物",True,False,False,12.0,R11.12.25,,,,35.4907663,139.6961918
7baad5f8-5005-4fb9-b322-7c5c3e49c492,['certified'],{'certified': '15'},2026-01-06T23:31:50.208139,株式会社日本フードエコロ / ジーセンター,株式会社日本フードエコロジー / センター,神奈川県相模原市中央区田 名塩田1-10214-7、1- 10215-6,,,['飼料化'],,,False,True,False,14.0,,,食品関連事業者: 小田急商事株式会社 / 株式会社小田急百貨店 / 収集先: 東京都 ：新宿区、世田 / 谷区、町田市、狛江市、 / 神奈川県 ：川崎市、相 / 模原市、藤沢市、小田原 / 市、秦野市、大和市、座 / 間市 / 食品関連事業者: 株式会社いなげや / 収集先: 東京都 ：日野市、町田 / 市、八王子市、あきる野 / 市,,35.537481,139.3596038
e615dd7e-03a9-4541-97a8-8f003a921431,['syokuri'],{'syokuri': '444'},2026-01-06T23:31:50.211992,株式会社日本フードエコロジーセンター,株式会社日本フードエコロジーセンター,神奈川県相模原市中央区田名塩田1-17-13,042-777-6316,神奈川県,['飼料化'],,食品リサイクラー,False,False,False,,,https://japan-fec.co.jp/,関東近郊の180以上の食品関連事業所が利用する飼料化施設です。液体状の飼料（リキッド発酵飼料）製造が特徴で牛乳やシロップ等の液状の廃棄物も受入が可能。,https://syokuri.jp/top/wp-content/themes/zsr-1/img/logo-header.png,35.53472,139.3616727
849aac5b-f346-4a55-b361-74b3a987e744,['registered'],{'registered': '11'},2026-01-06T23:31:50.216415,株式会社日本フードエコロジーセンター 本社工場,株式会社日本フードエコロジーセンター,神奈川県相模原市中央区田名塩田一丁目10214番7及び10215番6,042-777-6316,,['飼料化事業'],,"一般廃棄物, 産業廃棄物, 有価物",True,False,False,11.0,R10.9.30,,,,35.537481,139.3596038
04be5d60-0729-4d3c-baf2-b18458ae1636,['syokuri'],{'syokuri': '1191'},2026-01-06T23:31:50.219951,三友共立工業株式会社,三友共立工業株式会社,神奈川県相模原市緑区橋本台3-4-14,042-703-8115,神奈川県,[],,プラントメーカー,False,False,False,,,http://sanyu-kyoritsu.co.jp/,食品残渣の破袋分別・異物除去を目的とした破袋分別機及び、食品残渣・有機汚泥の減容、飼料化、堆肥化を目的とした間接加熱式縦型乾燥機を製造・販売しております。お客様のニーズに合わせた完全オーダーメイドにてご提案し、付帯設備も含めたトータル設計により、安心してご使用いただける設備をご提供いたします。全国各地の食品リサイクル工場様、飲料・食品工場様へ多くの納入実績もあり、アフターサービスまでスピーディかつ万全に対応いたします。,https://syokuri.jp/top/wp-content/themes/zsr-1/img/logo-header.png,35.5876926,139.3326786
309dafdd-4d64-4a8f-b995-7d95a0a95b4e,['syokuri'],{'syokuri': '1066'},2026-01-06T23:31:50.223561,株式会社 生物技研,株式会社 生物技研,神奈川県相模原市緑区長竹657,042-780-8333,神奈川県,[],,その他,False,False,False,,,https://gikenbio.com/,弊社の主力事業は遺伝子解析サービスですが、新規事業としてアメリカミズアブを利用した食品廃棄物処理の技術開発を行っています。将来的には日本において昆虫を利用した食料/エネルギー生産の産業化を根付かせたいと考えており、基礎的な研究も行っています。,https://syokuri.jp/top/wp-content/themes/zsr-1/img/logo-header.png,35.5669345,139.2649392
24b2cdcc-9906-472e-a0d3-5a56d94f8a07,"['certified', 'syokuri']","{'certified': '22', 'syokuri': '471'}",2026-01-06T23:31:50.232473,福井環境事業株式会社 / 有機センター,福井環境事業株式会社,福井県福井市角折町第6号1 番地,0776-36-4463,福井県,['肥料化'],,食品リサイクラー,False,True,False,22.0,,http://www.fkjc.co.jp/,食品関連事業者: ユニー株式会社 / 収集先: 福井県 ：福井市,https://syokuri.jp/top/wp-content/themes/zsr-1/img/logo-header.png,36.0665574,136.178017
523e3398-2d7a-4b78-ac26-c7ed8433f36a,['methane'],{'methane': '37'},2026-01-06T23:31:50.240613,おおき循環センター,大木町,福岡県三潴郡大木町大字横溝1331-1,,福岡県,['湿式中温'],41.4,"家庭系生ごみ, 事業系生ごみ",False,False,True,,,,事業方式: 公設公営方式,,33.21909,130.4377062
25e6bbe1-70ee-482f-a29e-e3e05948f6ff,['registered'],{'registered': '5'},2026-01-06T23:31:50.244388,有限会社アリタサービス 八女工場,有限会社アリタサービス,福岡県八女市鵜池字曲田413番,093-641-0368,,['飼料化事業'],,"産業廃棄物, 有価物",True,False,False,5.0,R10.7.18,,,,33.2062914,130.526703
b70f291d-48a0-4250-b84c-7e93e4c58526,['syokuri'],{'syokuri': '461'},2026-01-06T23:31:50.247658,小寺油脂株式会社,小寺油脂株式会社,福岡県古賀市糸ｹ浦38番地,092-942-4586,福岡県,['油脂化'],,食品リサイクラー,False,False,False,,,http://www.e-aozora.net/,レストラン、飲食店等、各種事業者より排出される廃食用油に関しては一斗缶又はドラム缶よる回収を行っています。学校給食、食品工場等より排出される大量の廃食用油に関しては一括してタンクローリーによる回収を行います。,https://syokuri.jp/top/wp-content/themes/zsr-1/img/logo-header.png,33.7144771,130.4735173
dcb49000-2a92-4252-9364-375ee3011d40,['syokuri'],{'syokuri': '462'},2026-01-06T23:31:50.251147,株式会社エコ・リード,株式会社エコ・リード,福岡県古賀市糸ｹ浦38番地筵内字野毛尾1522番地,092-93-0128,福岡県,['飼料化'],,食品リサイクラー,False,False,False,,,http://ecolead.co.jp/,,https://syokuri.jp/top/wp-content/themes/zsr-1/img/logo-header.png,33.7144771,130.4735173
4a6a266d-f008-403d-9d4e-cac40ab7d49a,['registered'],{'registered': '1'},2026-01-06T23:31:50.255268,小寺油脂株式会社本社工場,小寺油脂株式会社,福岡県古賀市糸ヶ浦38番地、39番地,092-942-4586,,['油脂化事業'],,産業廃棄物,True,False,False,1.0,R8.1.24,,,,33.7144158,130.4735031
a9eb5070-bf0a-47bc-80c6-6ec5c23319a6,['registered'],{'registered': '4'},2026-01-06T23:31:50.258664,株式会社エコ・リード 飼料製造工場,株式会社エコ・リード,福岡県古賀市薦野字下原1171番1、1172番1,092-943-0128,,['飼料化事業'],,"産業廃棄物, 有価物",True,False,False,4.0,R7.9.9,,,,33.7287078,130.5356032
3911ef6b-3ead-4741-ba60-0cb8b0715178,['registered'],{'registered': '6'},2026-01-06T23:31:50.261935,福岡バイオフードリサイクル株式会社 福岡工場,福岡バイオフードリサイクル株式会社,福岡県福岡市西区大字太郎丸字上割782-1、783、784-1、785-1、786-1、789-1、790-1、791-1,092-834-5885,,['メタン化事業'],,"一般廃棄物, 産業廃棄物",True,False,False,6.0,R12.1.29,,,,33.5952293,130.2418199
ff607794-32ee-4950-a209-b989aa33891c,['registered'],{'registered': '3'},2026-01-06T23:31:50.265413,株式会社環境エイジェンシー 一般廃棄物処理工場,株式会社環境エイジェンシー,福岡県福岡市西区大字太郎丸字上割795番地1、795番地2661番地１,092-807-1499,,['飼料化事業'],,一般廃棄物,True,False,False,3.0,R8.6.29,,,,33.5952293,130.2418199
04e1f9e1-0db1-41d3-8a0d-812bcfaf3435,['syokuri'],{'syokuri': '703'},2026-01-06T23:31:50.268631,ラサ工業株式会社,ラサ工業株式会社,福岡県筑後市羽犬塚322-2,0942-52-8000,福岡県,[],,プラントメーカー,False,False,False,,,,,https://syokuri.jp/top/wp-content/themes/zsr-1/img/logo-header.png,33.2147569,130.4989008
037441c9-d351-40d3-92fe-54657bf0828e,['syokuri'],{'syokuri': '611'},2026-01-06T23:31:50.272719,株式会社アメニティいわき,株式会社アメニティいわき,福島県いわき市小名浜君ヶ塚町5-9,0246-54-2838,福島県,[],,収集運搬業他,False,False,False,,,,,https://syokuri.jp/top/wp-content/themes/zsr-1/img/logo-header.png,36.9585604,140.9015679
3067c34a-a12d-455f-892f-ad1c2b84fe3f,['registered'],{'registered': '1'},2026-01-06T23:31:50.276299,株式会社辰巳屋 宝坂工場,株式会社辰巳屋,福島県東白川郡矢祭町大字宝坂字広平11-1,0247-46-2234,,['肥料化事業'],,"産業廃棄物, 有価物",True,False,False,1.0,R9.3.14,,,,36.8668352,140.4490983
50e7688b-99f6-45cb-8b4c-dd7708a34a17,['registered'],{'registered': '5'},2026-01-06T23:31:50.279656,株式会社東日本興産 バイオマスリサイクルセンター,株式会社東日本興産,福島県福島市山田字南音坊5番5，5番6，8番，9番,024-546-6810,,['肥料化事業'],,"一般廃棄物, 産業廃棄物, 有価物",True,False,False,5.0,R11.9.14,,,,37.7016529,140.3957993
cb383136-3cae-45f9-91d0-e037c4c91363,['certified'],{'certified': '4'},2026-01-06T23:31:50.283092,株式会社東日本興産 / バイオマスリサイクルセン / ター,株式会社東日本興産,福島県福島市山田字南音坊 5番5、5番6、8番、9番,,,['肥料化'],,,False,True,False,4.0,,,食品関連事業者: 株式会社いちい / 収集先: 福島県 ：福島市、川俣 / 町、桑折町,,37.7016529,140.3957993
246dc1fd-358e-43f3-9241-ef86c213a1e2,"['registered', 'syokuri']","{'registered': '2', 'syokuri': '434'}",2026-01-06T23:31:50.289047,平和物産 堆肥化施設三風,株式会社平和物産,福島県須賀川市小倉字牡丹平135番地23,0248-79-3451,福島県,"['肥料化', '肥料化事業']",,"一般廃棄物, 産業廃棄物, 有価物 / 食品リサイクラー",True,False,False,2.0,R8.3.29,http://www.heiwa-sanpu.sakura.ne.jp/,【 生ごみは、地球の大切な宝物。 】 福島県内を中心に、生ごみリサイクルを通して健康的で豊かな地域社会づくりを目指します。 ＝ 地域資源の循環で社会に貢献致します ＝,https://syokuri.jp/top/wp-content/themes/zsr-1/img/logo-header.png,37.2839359,140.4842448
3b9ebffd-eaf7-4e34-960e-122ebf5b9092,['syokuri'],{'syokuri': '1048'},2026-01-06T23:31:50.294953,株式会社ナチュラルエナジ－ジャパン,株式会社ナチュラルエナジ－ジャパン,秋田県秋田市向浜1丁目3-7,018-866-9313,秋田県,['メタン化'],,食品リサイクラー,False,False,False,,,https://nej.co.jp/,当施設は、日立造船WTMシステム（生ごみの無希釈二相循環式メタン発酵システム）を採用し、生ごみや食品廃棄物の有機性廃棄物を希釈水を用いず、高速メタン発酵させることにより、発生したバイオガスを電気エネルギーとして再資源化するシステムとなっています。 発電電気は、再生可能エネルギーの固定価格買取制度により電力会社へ売電しています。,https://syokuri.jp/top/wp-content/themes/zsr-1/img/logo-header.png,39.728146,140.0649918
3edf96ff-b209-4ed2-929e-51012537a4c1,['registered'],{'registered': '1'},2026-01-06T23:31:50.298578,株式会社ナチュラルエナジージャパン 秋田メタン発酵ガス化バイオマス発電施設,株式会社ナチュラルエナジージャパン,"秋田県秋田市向浜一丁目１番186,187,201,202",018-866-9313,,['メタン化事業'],,,True,False,False,1.0,R11.3.27,,,,39.7291884,140.0736761
98385a17-6315-4fce-8cf4-6d6d985f3831,['syokuri'],{'syokuri': '442'},2026-01-06T23:31:50.304594,リプロテック株式会社,リプロテック株式会社,群馬県前橋市富士見町赤城山1204-115,027-288-5181,群馬県,['肥料化'],,食品リサイクラー,False,False,False,,,https://reprotec.co.jp/,弊社は一般、産業廃棄物中間処理業を行っております。主とするものは動植物性残渣の飼料、肥料化です。飼料は、飼料メーカー様、畜産農家様（牛、豚、鶏、魚）などに販売しております。肥料は、ホームセンター様、耕作農家様や関連会社の農業生産法人ドクターグリーンなどに販売しております。よろしくお願い致します。,https://syokuri.jp/top/wp-content/themes/zsr-1/img/logo-header.png,36.4957489,139.1067392
de7beac1-a6fe-460a-8d1c-7be617e2e600,['registered'],{'registered': '3'},2026-01-06T23:31:50.308990,有限会社半藤油脂 本社工場,有限会社半藤油脂,群馬県太田市石原町295番地の1,0276-46-1627,,['油脂化事業'],,"産業廃棄物, 有価物",True,False,False,3.0,R11.3.15,,,,36.2987879,139.3990973
e8a5d300-9da5-40f8-9896-ce0468ab4bf7,"['registered', 'certified']","{'registered': '4', 'certified': '7'}",2026-01-06T23:31:50.313182,有限会社高尾商店 千代田営業所（館林エコフィードセンター）,有限会社高尾商店,群馬県邑楽郡千代田町大字舞木字横根原3113番8及び3113番9,0276-62-2019,,"['飼料化事業', '飼料化']",,"一般廃棄物, 産業廃棄物, 有価物",True,True,False,4.0,R8.8.31,,食品関連事業者: ワタミ株式会社 / 収集先: 埼玉県：比企郡滑川町 / 食品関連事業者: 株式会社カスミ / 収集先: 群馬県：邑楽郡大泉町,,36.2190076,139.4288095
8f20a5ea-bd41-42f1-8d23-1606257c450d,['syokuri'],{'syokuri': '469'},2026-01-06T23:31:50.316669,有限会社高尾商店,有限会社高尾商店,群馬県邑楽郡千代田町舞木3113-9,0276-52-8819,群馬県,['飼料化'],,食品リサイクラー,False,False,False,,,,,https://syokuri.jp/top/wp-content/themes/zsr-1/img/logo-header.png,36.2320482,139.4532859
a74948b3-c8a0-4d99-81ce-1a55db43a58c,['syokuri'],{'syokuri': '607'},2026-01-06T23:31:50.320048,株式会社岡田製作所,株式会社岡田製作所,群馬県館林市近藤町318-2,0276-74-3838,群馬県,[],,プラントメーカー,False,False,False,,,http://www.okadass.com/,蓄糞・食品残渣・汚泥等、有機性資源の堆肥化プラント事業をメインに総合リサイクルプラント事業を展開しております。堆肥化の第一人者として創業65年以上の経験で培ってきた確かなノウハウを生かしながら、お客様のニーズに合わせてプラント全体の設計、施工、管理から機械の開発、設計、製造、アフターサービスまで手掛けております。,https://syokuri.jp/top/wp-content/themes/zsr-1/img/logo-header.png,36.2358524,139.5042487
f05586a9-a6e9-460b-b4a7-1817c21291d8,['registered'],{'registered': '5'},2026-01-06T23:31:50.323755,株式会社百姓倶楽部 高品質堆肥製造施設,株式会社百姓倶楽部,茨城県下妻市大木1028番地の1,0296-44-0880,,['肥料化事業'],,"一般廃棄物, 産業廃棄物",True,False,False,5.0,R9.10.10,,,,36.2226289,139.950325
fd2f95b7-7b5d-4571-9a56-bab656c8b955,"['certified', 'syokuri']","{'certified': '5', 'syokuri': '437'}",2026-01-06T23:31:50.327154,株式会社むかしの堆肥 / 下妻堆肥センター,株式会社むかしの堆肥,茨城県下妻市黒駒1084-1,0296-44-8455,茨城県,['肥料化'],,食品リサイクラー,False,True,False,5.0,,http://www.yunan.co.jp/taihi/,食品関連事業者: ユニー株式会社 / 収集先: 栃木県 ：宇都宮市 / 米・果樹園・野菜農家を営む多くの組合員、近隣農家に毎年約6000トンの堆肥を販売しております。今まで以上に喜んで使っていただけるよう安全で扱いやすい良質な堆肥作りを目指し、日々思考錯誤を繰り返しております。,https://syokuri.jp/top/wp-content/themes/zsr-1/img/logo-header.png,36.2230075,139.9378714
b80f85ac-9505-477d-8066-6c13b345bf03,['registered'],{'registered': '3'},2026-01-06T23:31:50.331050,株式会社むかしの堆肥 下妻堆肥センター,株式会社むかしの堆肥,茨城県下妻市黒駒1084番地の1、1088番地の1,0296-44-8455,,['肥料化事業'],,"一般廃棄物, 産業廃棄物",True,False,False,3.0,R11.12.19,,,,36.2229811,139.9378664
2dc5ae4f-ade2-4cdf-b19f-f3cc3a29bc80,['methane'],{'methane': '14'},2026-01-06T23:31:50.334649,神立資源リサイクルセンターバイオプラント,日立セメント(株),茨城県土浦市東中貫町6-8,,茨城県,['湿式中温'],135.9,"家庭系生ごみ, 事業系生ごみ",False,False,True,,,,事業方式: PFI事業（BTO方式）,,36.1194917,140.2143838
6f7ac930-c03a-49f0-b80f-3690561ad992,['registered'],{'registered': '10'},2026-01-06T23:31:50.338529,日立セメント株式会社 神立資源リサイクルセンターバイオプラント,日立セメント株式会社,茨城県土浦市東中貫町6番9、6番10、6番11、6番12、6番13、6番14,0294-22-2111,,['メタン化事業'],,"一般廃棄物, 産業廃棄物",True,False,False,10.0,R11.1.23,,,,36.1207091,140.2152031
c901daaa-ec57-427f-bac6-0931393e147b,['registered'],{'registered': '4'},2026-01-06T23:31:50.342382,有限会社八王子中村物産 本社工場,有限会社八王子中村物産,茨城県坂東市長谷2847番地5、2847番地8、2847番地9、2847番地16,0297-35-1267,,['飼料化事業'],,"産業廃棄物, 有価物",True,False,False,4.0,R7.11.13,,,,36.021217,139.87027
a0a7e83d-9975-4473-bf93-03531a83164c,['registered'],{'registered': '11'},2026-01-06T23:31:50.346783,有限会社鬼澤商事 本社工場,有限会社鬼澤商事,茨城県小美玉市柴高849番地2、849番地3、850番地1、850番地2、850番地3、850番地4、850番地5、851番地1、852番地1、852番地2、855番地1、856番地、873番地2、874番地、875番地1、887番地12,0299-48-2656,,['肥料化事業'],,産業廃棄物,True,False,False,11.0,R11.6.26,,,,36.2263062,140.3685398
83d4c5af-76a8-4577-b94b-b0ff317b89ba,['syokuri'],{'syokuri': '1189'},2026-01-06T23:31:50.350188,三友機器株式会社,三友機器株式会社,茨城県牛久市中央5丁目7-8,029-886-9704,茨城県,[],,プラントメーカー,False,False,False,,,https://www.sanyu-kiki.co.jp/,弊社（三友機器株式会社）では、有機性廃棄物の再資源化を目的とした、急速発酵堆肥化装置 【コンポ富士】の販売を行っております。 機械設計～機器製造～機器設置～アフターサービスまで一貫して自社で取り組み全国各地でご愛用いただいております。 コンポ富士の他に、脱臭設備・造粒設備・乾燥設備・混合設備・自動搬送設備・非常発電設備等、様々な施工実績と事例がございます。 ホームページにも施工事例を掲載していますので、一度確認いただけると幸いです。,https://syokuri.jp/top/wp-content/themes/zsr-1/img/logo-header.png,35.9785978,140.1420351
b7fc984e-62ba-4adc-bc8c-cb7dafd9ec24,['registered'],{'registered': '7'},2026-01-06T23:31:50.353933,有限会社コイケ 本社工場,有限会社コイケ,茨城県神栖市砂山1357番地18、49、87、88,0479-46-4333,,['飼料化事業'],,有価物,True,False,False,7.0,R10.3.11,,,,35.8659083,140.7162336
c1a70889-17e7-48f1-b556-f4c87b7aba7d,['syokuri'],{'syokuri': '1282'},2026-01-06T23:31:50.357156,株式会社伊東商事,株式会社伊東商事,茨城県稻敷郡阿見町実穀1269-20,029-843-8181,茨城県,[],,収集運搬業他,False,False,False,,,,,https://syokuri.jp/top/wp-content/themes/zsr-1/img/logo-header.png,36.0009902,140.1933658
ae81f7e2-acd7-4009-bf60-b9c4af27083c,['methane'],{'methane': '39'},2026-01-06T23:31:50.360590,新上五島町クリーンセンター,新上五島町,長崎県南松浦郡新上五島町鯛ノ浦郷5-170,,長崎県,['湿式中温'],0.1,事業系生ごみ,False,False,True,,,,事業方式: 公設公営方式,,32.9386393,129.1077094
49cbf205-430c-4b68-bdc4-b3c736d6f70d,['registered'],{'registered': '1'},2026-01-06T23:31:50.364513,有限会社野口 大村工場,有限会社野口,長崎県大村市東大村二丁目1576番2、1576番3、1652番4、1652番5、1652番6、1652番8、1652番9、1654番7、1654番10,095-887-5288,,['肥料化事業'],,"一般廃棄物, 産業廃棄物",True,False,False,1.0,R10.3.6,,,,32.9286788,129.99277
00bf553d-b8c3-4621-ad89-e253cdb884e1,"['registered', 'syokuri']","{'registered': '2', 'syokuri': '459'}",2026-01-06T23:31:50.368238,平木工業株式会社 本社工場,平木工業株式会社,長崎県長崎市三京町2842番地1,095-850-5000,長崎県,"['肥料化', '飼料化事業', '肥料化事業', '飼料化']",,"一般廃棄物, 産業廃棄物 / 食品リサイクラー",True,False,False,2.0,R8.3.30,http://www.hiraki-gp.co.jp/,弊社は、「資源の活用や資質の向上により循環型社会の構築に寄与する。」を基本理念とし、廃棄物処理の適正会員運用と廃棄物の再資源化を積極的に推進することを目標として、すべての環境や資源にPLUS ONEを提案できる事業者を目指しています。,https://syokuri.jp/top/wp-content/themes/zsr-1/img/logo-header.png,32.8481144,129.7604081
32076e56-0e01-4795-810e-5a39959c3010,['syokuri'],{'syokuri': '1281'},2026-01-06T23:31:50.371731,有限会社長崎油脂産業,有限会社長崎油脂産業,長崎県長崎市西海町字チンダ4721-10,095-801-3948,長崎県,['油脂化'],,収集運搬業他,False,False,False,,,,長崎県、佐賀県の飲食店等から出る使用済み天ぷら油を回収し、リサイクルしています。廃食用油は産業廃棄物であることから、適正に加工・精製し、畜産飼料原料・化石燃料の代替燃料に生まれ変わります。,https://syokuri.jp/top/wp-content/themes/zsr-1/img/logo-header.png,32.8616229,129.7860891
ecb5e12e-8db2-4540-86c8-fa7569f32e8e,['syokuri'],{'syokuri': '684'},2026-01-06T23:31:50.375227,株式会社モキ製作所,株式会社モキ製作所,長野県千曲市内川96,026-275-2116,長野県,[],,プラントメーカー,False,False,False,,,https://www.moki-ss.co.jp/,「破袋分別機」「廃プラ洗浄機」「缶詰分別機」をはじめとする『分離職人シリーズ』を製造・販売しております 破袋分別機はパック食品を中身とパッケージに素早く分けることが出来、高い分離精度を誇ります 全国の食品リサイクル工場様、食品工場様に採用いただき活躍しております お客様の用途に合わせて1台毎に手造りで開発しており、用途に合わせたご提案が可能です 破袋分別機と廃プラ洗浄脱水機は ＭＯＫＩ にお任せ下さい,https://syokuri.jp/top/wp-content/themes/zsr-1/img/logo-header.png,36.5042936,138.1430955
8023420b-b9bb-4f44-97ae-07e439f270bb,['registered'],{'registered': '3'},2026-01-06T23:31:50.378976,有限会社グリーンパワー 本社工場,有限会社グリーンパワー,長野県千曲市大字森字西貫ノ木1641番1,026-273-2324,,['飼料化事業'],,"産業廃棄物, 有価物",True,False,False,3.0,R8.11.15,,,,36.523127,138.156466
6665823e-cb32-4b04-b1dd-6ec221364597,['methane'],{'methane': '25'},2026-01-06T23:31:50.382185,浅麓汚泥再生処理センター,浅麓環境施設組合（小諸市・佐久市(浅科地区)・軽井沢町・御代田町）,長野県小諸市甲1845,,長野県,['湿式中温'],175.0,"家庭系生ごみ, 事業系生ごみ",False,False,True,,,,事業方式: 公設公営方式,,36.3162084,138.4268039
17b41b3e-7de3-42c1-aa4d-837d302fbf1d,['registered'],{'registered': '4'},2026-01-06T23:31:50.385423,直富商事株式会社 苦桃工場,直富商事株式会社,長野県長野市七二会丁2736番3,026-222-1880,,['飼料化事業'],,"一般廃棄物, 産業廃棄物",True,False,False,4.0,R10.2.12,,,,36.6302931,138.0710692
c33a6261-478d-4fb5-b192-fb79d9f36af8,['certified'],{'certified': '41'},2026-01-06T23:31:50.388704,農業生産法人 有限会社 金 / 丸物産 金井きのこ園 松代 / 堆肥場,農業生産法人有限会社金丸物 / 産金井きのこ園,長野県長野市松代町大室字 中の島１８６１番,,,['肥料化'],,,False,True,False,41.0,,,食品関連事業者: 株式会社カネスエ / 収集先: 愛知県：あま市、豊田市,,36.5933519,138.2244268
3f153f02-c758-4e47-8b8b-54690ab4b680,['certified'],{'certified': '23'},2026-01-06T23:31:50.391854,有限会社いいだ有機 / 飯田市堆肥センター,有限会社いいだ有機,長野県飯田市下久堅下虎岩 317番地19,,,['肥料化'],,,False,True,False,23.0,,,食品関連事業者: ユニー株式会社 / 収集先: 長野県 ：飯田市,,35.4937039,137.8775825
798f2b44-49e3-4ec2-8387-192a3938b4bf,['registered'],{'registered': '3'},2026-01-06T23:31:50.395541,株式会社木村牧場 本社工場,株式会社木村牧場,青森県つがる市木造丸山竹鼻118番地5、118番地6、125番地112、148番地,0173-26-4177,,"['飼料化事業', '肥料化事業']",,"産業廃棄物, 有価物",True,False,False,3.0,R9.10.17,,,,40.8329147,140.2972571
e1463934-0792-48f8-81ae-ecb4baf0124e,['syokuri'],{'syokuri': '1186'},2026-01-06T23:31:50.398973,県南環境保全センタ－株式会社,県南環境保全センタ－株式会社,青森県十和田市大字三本木字野崎40-370,0176-22-2061,青森県,"['肥料化', 'メタン化']",,食品リサイクラー,False,False,False,,,https://www.kkhozen.co.jp/,近隣地域から排出された、生ごみや野菜くずといった食品廃棄物を始めとした有機性廃棄物をメタン発酵させることにより、発生した可燃性のバイオガスを燃焼させることによって、発生した可燃性のバイオガスで電力発電をし、再生可能エネルギーを作り出しています。また発酵残渣(消化液)は固液分離し、固相部は自社で運転する堆肥化施設で堆肥となり、農地還元のリサイクルループを推進しています。廃棄物を地域資源として有効活用し、新たなステージを築いていきます。,https://syokuri.jp/top/wp-content/themes/zsr-1/img/logo-header.png,40.6158331,141.2590268
3d57c2fd-8a77-4ecf-ae18-5d8ce9175e3f,['registered'],{'registered': '4'},2026-01-06T23:31:50.402808,県南環境保全センター株式会社バイオガスエネルギーとわだ（B-GET）,県南環境保全センター株式会社,青森県十和田市大字相坂下夕川原221番、221番2,0176-51-0381,,['メタン化事業'],,"一般廃棄物, 産業廃棄物",True,False,False,4.0,R8.11.16,,,,40.6126011,141.2069318
457d8100-be55-4c9c-82c1-bf671c549ff1,['syokuri'],{'syokuri': '477'},2026-01-06T23:31:50.406244,東名興産株式会社,東名興産株式会社,静岡県浜松市北区引佐町金指748番地,053-542-2311,静岡県,['肥料化'],,食品リサイクラー,False,False,False,,,http://www.toumei.gr.jp/,,https://syokuri.jp/top/wp-content/themes/zsr-1/img/logo-header.png,34.8278754,137.6854918
f2b7574d-0d23-4070-82b4-58139d829daa,['registered'],{'registered': '9'},2026-01-06T23:31:50.410326,,環境のミカタ株式会社,静岡県藤枝市高柳字堂下2254番1、2254番2、2255番、2256番,054-637-0053,,['肥料化事業'],,"一般廃棄物, 産業廃棄物",True,False,False,9.0,R12.4.6,,,,34.8497479,138.2667279
73950795-45c7-4f82-8c56-1ba10c6e0173,['registered'],{'registered': '8'},2026-01-06T23:31:50.413861,平金産業株式会社 静岡工場,平金産業株式会社,静岡県静岡市駿河区豊田二丁目9番17号,054-286-0288,,"['飼料化事業', '肥料化事業']",,有価物,True,False,False,8.0,R8.2.27,,,,34.9669872,138.4143675
84b4bcc2-264c-4ae2-9b32-9fd4a125f33a,['registered'],{'registered': '5'},2026-01-06T23:31:50.417263,株式会社パブリック 三豊オーガニックステーション,株式会社パブリック,香川県三豊市高瀬町佐股乙356番２、乙356番６、乙356番７、乙356番８,0875-57-1300,,['肥料化事業'],,"一般廃棄物, 産業廃棄物",True,False,False,5.0,R12.2.12,,,,34.1531943,133.7299656
cc3b62a0-46aa-4de4-a020-fa023dc79645,['registered'],{'registered': '2'},2026-01-06T23:31:50.420713,株式会社塵芥センタージンカイ・グリーンファクトリ 塩江工場,株式会社塵芥センター,香川県高松市塩江町安原上字上生山1356番,087-886-3040,,['肥料化事業'],,"一般廃棄物, 産業廃棄物",True,False,False,2.0,R9.10.17,,,,34.1855827,134.0722578
83f64e4a-5fee-4383-983a-26845434735a,['registered'],{'registered': '3'},2026-01-06T23:31:50.425808,株式会社MCS 中間処理場,株式会社MCS,香川県高松市西植田町字廣間6882番1、6883番1,087-888-8866,,['肥料化事業'],,"一般廃棄物, 産業廃棄物",True,False,False,3.0,R10.9.16,,,,34.2261892,134.0817686
27dd7575-da9a-40e1-bb79-ed8f5953f39d,['methane'],{'methane': '36'},2026-01-06T23:31:50.430350,メタン発酵施設,(株)ちよだ製作所,香川県高松市香南町西庄941番地5,,香川県,['湿式中温'],6.0,事業系生ごみ,False,False,True,,,,事業方式: 民設民営方式,,34.2404769,133.9906394
a18ced18-26ee-4334-abb5-cc25d748c899,['registered'],{'registered': '2'},2026-01-06T23:31:50.435119,公益財団法人高知県魚さい加工公社 魚腸骨資源化施設,公益財団法人高知県魚さい加工公社,高知県高知市神田字治国谷1646番1,088-805-1660,,"['飼料化事業', '油脂化事業']",,"一般廃棄物, 産業廃棄物",True,False,False,2.0,R10.6.19,,,,33.5425491,133.5089013
7ac46947-be60-4a4c-a493-d2dc08259f86,['registered'],{'registered': '1'},2026-01-06T23:31:50.440366,有限会社山陰エコシステム 本社工場,有限会社山陰エコシステム,鳥取県境港市中海干拓地452、453、455番地,0859-47-5700,,['肥料化事業'],,"一般廃棄物, 産業廃棄物",True,False,False,1.0,R11.4.26,,,,35.5025881,133.2158682
aac211b5-d5a9-4a6e-bc2c-1463c81edc77,['registered'],{'registered': '2'},2026-01-06T23:31:50.444334,株式会社錦海化成 本社工場,株式会社錦海化成,鳥取県境港市昭和町7番地3,0859-44-6623,,"['飼料化事業', '肥料化事業']",,"一般廃棄物, 産業廃棄物",True,False,False,2.0,R8.9.23,,,,35.5441774,133.2528418
9139f2e0-6b89-4bed-8b77-650452b8edb9,['registered'],{'registered': '1'},2026-01-06T23:31:50.448246,有限会社そおリサイクルセンター 松山有機工場,有限会社そおリサイクルセンター,鹿児島県志布志市松山町尾野見字大段1977番、1977番1、1977番2、1977番3、1973番3、1973番4、1973番5、1974番、1975番1、1975番4、1978番、2023番3、2024番2、2025番1、2025番3,099-471-6050,,['肥料化事業'],,"一般廃棄物, 産業廃棄物",True,False,False,1.0,R9.12.13,,,,31.5452719,131.1048991
79cf3418-97eb-416a-bf7a-400a0007042a,['syokuri'],{'syokuri': '458'},2026-01-06T23:31:50.451586,有限会社そおリサイクルセンター,有限会社そおリサイクルセンター,鹿児島県曽於郡大崎町菱田1218-48,099-471-6050,鹿児島県,['肥料化'],,食品リサイクラー,False,False,False,,,http://www.gomizero.info/,弊社は一般廃棄物の収集運搬及び中間処理を主な業務としております。地域のみなさんや自治体との連携により、有機肥料の生産・販売、自社農園での有機農産物づくりなど環型社会の実現に取り組んでいます。,https://syokuri.jp/top/wp-content/themes/zsr-1/img/logo-header.png,31.4382868,131.0385757
bf419530-5585-4d98-84d4-4498b99bad60,['syokuri'],{'syokuri': '702'},2026-01-06T23:31:50.455563,株式会社新興エコ,株式会社新興エコ,鹿児島県鹿児島市南栄5丁目10-14,099-204-9826,鹿児島県,['肥料化'],,食品リサイクラー,False,False,False,,,,,https://syokuri.jp/top/wp-content/themes/zsr-1/img/logo-header.png,31.5084546,130.5184751
